program_id,group,condition,metric,scope,parameter,value
news7_20260507,news7,full,boundary_f1,standard,5.0,0.8000000000000002
news7_20260507,news7,full,internal_boundary_f1,standard,5.0,0.823529411764706
news7_20260507,news7,full,boundary_f1,standard,30.0,1.0
news7_20260507,news7,full,internal_boundary_f1,standard,30.0,1.0
news7_20260507,news7,full,pk,standard,,0.01668584579976985
news7_20260507,news7,full,window_diff,standard,,0.024165707710011506
news7_20260507,news7,full,topic_count_error,standard,,0.0
news7_20260507,news7,full,segment_precision,standard,0.1,1.0
news7_20260507,news7,full,segment_recall,standard,0.1,1.0
news7_20260507,news7,full,segment_f1,standard,0.1,1.0
news7_20260507,news7,full,matched_iou,standard,0.1,0.9441078772102354
news7_20260507,news7,full,segment_precision,standard,0.3,1.0
news7_20260507,news7,full,segment_recall,standard,0.3,1.0
news7_20260507,news7,full,segment_f1,standard,0.3,1.0
news7_20260507,news7,full,matched_iou,standard,0.3,0.9441078772102354
news7_20260507,news7,full,segment_precision,standard,0.5,1.0
news7_20260507,news7,full,segment_recall,standard,0.5,1.0
news7_20260507,news7,full,segment_f1,standard,0.5,1.0
news7_20260507,news7,full,matched_iou,standard,0.5,0.9441078772102354
news7_20260507,news7,full,segment_precision,editorial_masked,0.1,1.0
news7_20260507,news7,full,segment_recall,editorial_masked,0.1,1.0
news7_20260507,news7,full,segment_f1,editorial_masked,0.1,1.0
news7_20260507,news7,full,matched_iou,editorial_masked,0.1,0.9515694133396576
news7_20260507,news7,full,segment_precision,editorial_masked,0.3,1.0
news7_20260507,news7,full,segment_recall,editorial_masked,0.3,1.0
news7_20260507,news7,full,segment_f1,editorial_masked,0.3,1.0
news7_20260507,news7,full,matched_iou,editorial_masked,0.3,0.9515694133396576
news7_20260507,news7,full,segment_precision,editorial_masked,0.5,1.0
news7_20260507,news7,full,segment_recall,editorial_masked,0.5,1.0
news7_20260507,news7,full,segment_f1,editorial_masked,0.5,1.0
news7_20260507,news7,full,matched_iou,editorial_masked,0.5,0.9515694133396576
news7_20260507,news7,chapter_llama,boundary_f1,standard,5.0,0.7272727272727272
news7_20260507,news7,chapter_llama,internal_boundary_f1,standard,5.0,0.8
news7_20260507,news7,chapter_llama,boundary_f1,standard,30.0,0.9090909090909091
news7_20260507,news7,chapter_llama,internal_boundary_f1,standard,30.0,0.888888888888889
news7_20260507,news7,chapter_llama,pk,standard,,0.12600690448791715
news7_20260507,news7,chapter_llama,window_diff,standard,,0.1277330264672037
news7_20260507,news7,chapter_llama,topic_count_error,standard,,2.0
news7_20260507,news7,chapter_llama,segment_precision,standard,0.1,0.8181818181818182
news7_20260507,news7,chapter_llama,segment_recall,standard,0.1,1.0
news7_20260507,news7,chapter_llama,segment_f1,standard,0.1,0.9
news7_20260507,news7,chapter_llama,matched_iou,standard,0.1,0.9126506678047631
news7_20260507,news7,chapter_llama,segment_precision,standard,0.3,0.8181818181818182
news7_20260507,news7,chapter_llama,segment_recall,standard,0.3,1.0
news7_20260507,news7,chapter_llama,segment_f1,standard,0.3,0.9
news7_20260507,news7,chapter_llama,matched_iou,standard,0.3,0.9126506678047631
news7_20260507,news7,chapter_llama,segment_precision,standard,0.5,0.8181818181818182
news7_20260507,news7,chapter_llama,segment_recall,standard,0.5,1.0
news7_20260507,news7,chapter_llama,segment_f1,standard,0.5,0.9
news7_20260507,news7,chapter_llama,matched_iou,standard,0.5,0.9126506678047631
news7_20260507,news7,chapter_llama,segment_precision,editorial_masked,0.1,0.8181818181818182
news7_20260507,news7,chapter_llama,segment_recall,editorial_masked,0.1,1.0
news7_20260507,news7,chapter_llama,segment_f1,editorial_masked,0.1,0.9
news7_20260507,news7,chapter_llama,matched_iou,editorial_masked,0.1,0.9316574856109894
news7_20260507,news7,chapter_llama,segment_precision,editorial_masked,0.3,0.8181818181818182
news7_20260507,news7,chapter_llama,segment_recall,editorial_masked,0.3,1.0
news7_20260507,news7,chapter_llama,segment_f1,editorial_masked,0.3,0.9
news7_20260507,news7,chapter_llama,matched_iou,editorial_masked,0.3,0.9316574856109894
news7_20260507,news7,chapter_llama,segment_precision,editorial_masked,0.5,0.8181818181818182
news7_20260507,news7,chapter_llama,segment_recall,editorial_masked,0.5,1.0
news7_20260507,news7,chapter_llama,segment_f1,editorial_masked,0.5,0.9
news7_20260507,news7,chapter_llama,matched_iou,editorial_masked,0.5,0.9316574856109894
news7_20260507,news7,chapter_llama_captions_asr,boundary_f1,standard,5.0,0.7272727272727272
news7_20260507,news7,chapter_llama_captions_asr,internal_boundary_f1,standard,5.0,0.8
news7_20260507,news7,chapter_llama_captions_asr,boundary_f1,standard,30.0,0.9090909090909091
news7_20260507,news7,chapter_llama_captions_asr,internal_boundary_f1,standard,30.0,0.888888888888889
news7_20260507,news7,chapter_llama_captions_asr,pk,standard,,0.12600690448791715
news7_20260507,news7,chapter_llama_captions_asr,window_diff,standard,,0.1277330264672037
news7_20260507,news7,chapter_llama_captions_asr,topic_count_error,standard,,2.0
news7_20260507,news7,chapter_llama_captions_asr,segment_precision,standard,0.1,0.8181818181818182
news7_20260507,news7,chapter_llama_captions_asr,segment_recall,standard,0.1,1.0
news7_20260507,news7,chapter_llama_captions_asr,segment_f1,standard,0.1,0.9
news7_20260507,news7,chapter_llama_captions_asr,matched_iou,standard,0.1,0.9136055587562164
news7_20260507,news7,chapter_llama_captions_asr,segment_precision,standard,0.3,0.8181818181818182
news7_20260507,news7,chapter_llama_captions_asr,segment_recall,standard,0.3,1.0
news7_20260507,news7,chapter_llama_captions_asr,segment_f1,standard,0.3,0.9
news7_20260507,news7,chapter_llama_captions_asr,matched_iou,standard,0.3,0.9136055587562164
news7_20260507,news7,chapter_llama_captions_asr,segment_precision,standard,0.5,0.8181818181818182
news7_20260507,news7,chapter_llama_captions_asr,segment_recall,standard,0.5,1.0
news7_20260507,news7,chapter_llama_captions_asr,segment_f1,standard,0.5,0.9
news7_20260507,news7,chapter_llama_captions_asr,matched_iou,standard,0.5,0.9136055587562164
news7_20260507,news7,chapter_llama_captions_asr,segment_precision,editorial_masked,0.1,0.8181818181818182
news7_20260507,news7,chapter_llama_captions_asr,segment_recall,editorial_masked,0.1,1.0
news7_20260507,news7,chapter_llama_captions_asr,segment_f1,editorial_masked,0.1,0.9
news7_20260507,news7,chapter_llama_captions_asr,matched_iou,editorial_masked,0.1,0.9326123765624428
news7_20260507,news7,chapter_llama_captions_asr,segment_precision,editorial_masked,0.3,0.8181818181818182
news7_20260507,news7,chapter_llama_captions_asr,segment_recall,editorial_masked,0.3,1.0
news7_20260507,news7,chapter_llama_captions_asr,segment_f1,editorial_masked,0.3,0.9
news7_20260507,news7,chapter_llama_captions_asr,matched_iou,editorial_masked,0.3,0.9326123765624428
news7_20260507,news7,chapter_llama_captions_asr,segment_precision,editorial_masked,0.5,0.8181818181818182
news7_20260507,news7,chapter_llama_captions_asr,segment_recall,editorial_masked,0.5,1.0
news7_20260507,news7,chapter_llama_captions_asr,segment_f1,editorial_masked,0.5,0.9
news7_20260507,news7,chapter_llama_captions_asr,matched_iou,editorial_masked,0.5,0.9326123765624428
news7_20260517,news7,full,boundary_f1,standard,5.0,0.8275862068965518
news7_20260517,news7,full,internal_boundary_f1,standard,5.0,0.8
news7_20260517,news7,full,boundary_f1,standard,30.0,0.896551724137931
news7_20260517,news7,full,internal_boundary_f1,standard,30.0,0.8799999999999999
news7_20260517,news7,full,pk,standard,,0.04206935758953951
news7_20260517,news7,full,window_diff,standard,,0.11768050028425242
news7_20260517,news7,full,topic_count_error,standard,,0.0
news7_20260517,news7,full,segment_precision,standard,0.1,1.0
news7_20260517,news7,full,segment_recall,standard,0.1,1.0
news7_20260517,news7,full,segment_f1,standard,0.1,1.0
news7_20260517,news7,full,matched_iou,standard,0.1,0.8621494600803975
news7_20260517,news7,full,segment_precision,standard,0.3,1.0
news7_20260517,news7,full,segment_recall,standard,0.3,1.0
news7_20260517,news7,full,segment_f1,standard,0.3,1.0
news7_20260517,news7,full,matched_iou,standard,0.3,0.8621494600803975
news7_20260517,news7,full,segment_precision,standard,0.5,0.9230769230769231
news7_20260517,news7,full,segment_recall,standard,0.5,0.9230769230769231
news7_20260517,news7,full,segment_f1,standard,0.5,0.9230769230769231
news7_20260517,news7,full,matched_iou,standard,0.5,0.9005730261982082
news7_20260517,news7,full,segment_precision,editorial_masked,0.1,1.0
news7_20260517,news7,full,segment_recall,editorial_masked,0.1,1.0
news7_20260517,news7,full,segment_f1,editorial_masked,0.1,1.0
news7_20260517,news7,full,matched_iou,editorial_masked,0.1,0.8624040537732363
news7_20260517,news7,full,segment_precision,editorial_masked,0.3,1.0
news7_20260517,news7,full,segment_recall,editorial_masked,0.3,1.0
news7_20260517,news7,full,segment_f1,editorial_masked,0.3,1.0
news7_20260517,news7,full,matched_iou,editorial_masked,0.3,0.8624040537732363
news7_20260517,news7,full,segment_precision,editorial_masked,0.5,0.9230769230769231
news7_20260517,news7,full,segment_recall,editorial_masked,0.5,0.9230769230769231
news7_20260517,news7,full,segment_f1,editorial_masked,0.5,0.9230769230769231
news7_20260517,news7,full,matched_iou,editorial_masked,0.5,0.9008488360321169
news7_20260517,news7,chapter_llama,boundary_f1,standard,5.0,0.6060606060606061
news7_20260517,news7,chapter_llama,internal_boundary_f1,standard,5.0,0.6451612903225806
news7_20260517,news7,chapter_llama,boundary_f1,standard,30.0,0.7878787878787878
news7_20260517,news7,chapter_llama,internal_boundary_f1,standard,30.0,0.7586206896551724
news7_20260517,news7,chapter_llama,pk,standard,,0.23706651506537807
news7_20260517,news7,chapter_llama,window_diff,standard,,0.2785673678226265
news7_20260517,news7,chapter_llama,topic_count_error,standard,,5.0
news7_20260517,news7,chapter_llama,segment_precision,standard,0.1,0.6666666666666666
news7_20260517,news7,chapter_llama,segment_recall,standard,0.1,0.9230769230769231
news7_20260517,news7,chapter_llama,segment_f1,standard,0.1,0.7741935483870968
news7_20260517,news7,chapter_llama,matched_iou,standard,0.1,0.7960735055172176
news7_20260517,news7,chapter_llama,segment_precision,standard,0.3,0.6666666666666666
news7_20260517,news7,chapter_llama,segment_recall,standard,0.3,0.9230769230769231
news7_20260517,news7,chapter_llama,segment_f1,standard,0.3,0.7741935483870968
news7_20260517,news7,chapter_llama,matched_iou,standard,0.3,0.7960735055172176
news7_20260517,news7,chapter_llama,segment_precision,standard,0.5,0.6111111111111112
news7_20260517,news7,chapter_llama,segment_recall,standard,0.5,0.8461538461538461
news7_20260517,news7,chapter_llama,segment_f1,standard,0.5,0.7096774193548387
news7_20260517,news7,chapter_llama,matched_iou,standard,0.5,0.8369062838730368
news7_20260517,news7,chapter_llama,segment_precision,editorial_masked,0.1,0.6666666666666666
news7_20260517,news7,chapter_llama,segment_recall,editorial_masked,0.1,0.9230769230769231
news7_20260517,news7,chapter_llama,segment_f1,editorial_masked,0.1,0.7741935483870968
news7_20260517,news7,chapter_llama,matched_iou,editorial_masked,0.1,0.8210795361177693
news7_20260517,news7,chapter_llama,segment_precision,editorial_masked,0.3,0.6666666666666666
news7_20260517,news7,chapter_llama,segment_recall,editorial_masked,0.3,0.9230769230769231
news7_20260517,news7,chapter_llama,segment_f1,editorial_masked,0.3,0.7741935483870968
news7_20260517,news7,chapter_llama,matched_iou,editorial_masked,0.3,0.8210795361177693
news7_20260517,news7,chapter_llama,segment_precision,editorial_masked,0.5,0.6111111111111112
news7_20260517,news7,chapter_llama,segment_recall,editorial_masked,0.5,0.8461538461538461
news7_20260517,news7,chapter_llama,segment_f1,editorial_masked,0.5,0.7096774193548387
news7_20260517,news7,chapter_llama,matched_iou,editorial_masked,0.5,0.8641855899827294
news7_20260517,news7,chapter_llama_captions_asr,boundary_f1,standard,5.0,0.6451612903225806
news7_20260517,news7,chapter_llama_captions_asr,internal_boundary_f1,standard,5.0,0.6896551724137931
news7_20260517,news7,chapter_llama_captions_asr,boundary_f1,standard,30.0,0.8387096774193549
news7_20260517,news7,chapter_llama_captions_asr,internal_boundary_f1,standard,30.0,0.8148148148148148
news7_20260517,news7,chapter_llama_captions_asr,pk,standard,,0.1853325753268903
news7_20260517,news7,chapter_llama_captions_asr,window_diff,standard,,0.20807276861853324
news7_20260517,news7,chapter_llama_captions_asr,topic_count_error,standard,,3.0
news7_20260517,news7,chapter_llama_captions_asr,segment_precision,standard,0.1,0.75
news7_20260517,news7,chapter_llama_captions_asr,segment_recall,standard,0.1,0.9230769230769231
news7_20260517,news7,chapter_llama_captions_asr,segment_f1,standard,0.1,0.8275862068965517
news7_20260517,news7,chapter_llama_captions_asr,matched_iou,standard,0.1,0.7916746417315834
news7_20260517,news7,chapter_llama_captions_asr,segment_precision,standard,0.3,0.75
news7_20260517,news7,chapter_llama_captions_asr,segment_recall,standard,0.3,0.9230769230769231
news7_20260517,news7,chapter_llama_captions_asr,segment_f1,standard,0.3,0.8275862068965517
news7_20260517,news7,chapter_llama_captions_asr,matched_iou,standard,0.3,0.7916746417315834
news7_20260517,news7,chapter_llama_captions_asr,segment_precision,standard,0.5,0.625
news7_20260517,news7,chapter_llama_captions_asr,segment_recall,standard,0.5,0.7692307692307693
news7_20260517,news7,chapter_llama_captions_asr,segment_f1,standard,0.5,0.6896551724137931
news7_20260517,news7,chapter_llama_captions_asr,matched_iou,standard,0.5,0.8510220163807833
news7_20260517,news7,chapter_llama_captions_asr,segment_precision,editorial_masked,0.1,0.75
news7_20260517,news7,chapter_llama_captions_asr,segment_recall,editorial_masked,0.1,0.9230769230769231
news7_20260517,news7,chapter_llama_captions_asr,segment_f1,editorial_masked,0.1,0.8275862068965517
news7_20260517,news7,chapter_llama_captions_asr,matched_iou,editorial_masked,0.1,0.8166806723321351
news7_20260517,news7,chapter_llama_captions_asr,segment_precision,editorial_masked,0.3,0.75
news7_20260517,news7,chapter_llama_captions_asr,segment_recall,editorial_masked,0.3,0.9230769230769231
news7_20260517,news7,chapter_llama_captions_asr,segment_f1,editorial_masked,0.3,0.8275862068965517
news7_20260517,news7,chapter_llama_captions_asr,matched_iou,editorial_masked,0.3,0.8166806723321351
news7_20260517,news7,chapter_llama_captions_asr,segment_precision,editorial_masked,0.5,0.625
news7_20260517,news7,chapter_llama_captions_asr,segment_recall,editorial_masked,0.5,0.7692307692307693
news7_20260517,news7,chapter_llama_captions_asr,segment_f1,editorial_masked,0.5,0.6896551724137931
news7_20260517,news7,chapter_llama_captions_asr,matched_iou,editorial_masked,0.5,0.8810292531014454
news7_20260522,news7,full,boundary_f1,standard,5.0,0.8799999999999999
news7_20260522,news7,full,internal_boundary_f1,standard,5.0,0.8571428571428572
news7_20260522,news7,full,boundary_f1,standard,30.0,0.9600000000000001
news7_20260522,news7,full,internal_boundary_f1,standard,30.0,0.9523809523809523
news7_20260522,news7,full,pk,standard,,0.06910336950314107
news7_20260522,news7,full,window_diff,standard,,0.07766990291262135
news7_20260522,news7,full,topic_count_error,standard,,1.0
news7_20260522,news7,full,segment_precision,standard,0.1,0.9166666666666666
news7_20260522,news7,full,segment_recall,standard,0.1,1.0
news7_20260522,news7,full,segment_f1,standard,0.1,0.9565217391304348
news7_20260522,news7,full,matched_iou,standard,0.1,0.9340600643471355
news7_20260522,news7,full,segment_precision,standard,0.3,0.9166666666666666
news7_20260522,news7,full,segment_recall,standard,0.3,1.0
news7_20260522,news7,full,segment_f1,standard,0.3,0.9565217391304348
news7_20260522,news7,full,matched_iou,standard,0.3,0.9340600643471355
news7_20260522,news7,full,segment_precision,standard,0.5,0.9166666666666666
news7_20260522,news7,full,segment_recall,standard,0.5,1.0
news7_20260522,news7,full,segment_f1,standard,0.5,0.9565217391304348
news7_20260522,news7,full,matched_iou,standard,0.5,0.9340600643471355
news7_20260522,news7,full,segment_precision,editorial_masked,0.1,0.9166666666666666
news7_20260522,news7,full,segment_recall,editorial_masked,0.1,1.0
news7_20260522,news7,full,segment_f1,editorial_masked,0.1,0.9565217391304348
news7_20260522,news7,full,matched_iou,editorial_masked,0.1,0.9341143609708964
news7_20260522,news7,full,segment_precision,editorial_masked,0.3,0.9166666666666666
news7_20260522,news7,full,segment_recall,editorial_masked,0.3,1.0
news7_20260522,news7,full,segment_f1,editorial_masked,0.3,0.9565217391304348
news7_20260522,news7,full,matched_iou,editorial_masked,0.3,0.9341143609708964
news7_20260522,news7,full,segment_precision,editorial_masked,0.5,0.9166666666666666
news7_20260522,news7,full,segment_recall,editorial_masked,0.5,1.0
news7_20260522,news7,full,segment_f1,editorial_masked,0.5,0.9565217391304348
news7_20260522,news7,full,matched_iou,editorial_masked,0.5,0.9341143609708964
news7_20260522,news7,chapter_llama,boundary_f1,standard,5.0,0.5882352941176471
news7_20260522,news7,chapter_llama,internal_boundary_f1,standard,5.0,0.625
news7_20260522,news7,chapter_llama,boundary_f1,standard,30.0,0.7058823529411764
news7_20260522,news7,chapter_llama,internal_boundary_f1,standard,30.0,0.6666666666666666
news7_20260522,news7,chapter_llama,pk,standard,,0.30953740719588807
news7_20260522,news7,chapter_llama,window_diff,standard,,0.3786407766990291
news7_20260522,news7,chapter_llama,topic_count_error,standard,,10.0
news7_20260522,news7,chapter_llama,segment_precision,standard,0.1,0.5238095238095238
news7_20260522,news7,chapter_llama,segment_recall,standard,0.1,1.0
news7_20260522,news7,chapter_llama,segment_f1,standard,0.1,0.6875000000000001
news7_20260522,news7,chapter_llama,matched_iou,standard,0.1,0.7758852778970028
news7_20260522,news7,chapter_llama,segment_precision,standard,0.3,0.5238095238095238
news7_20260522,news7,chapter_llama,segment_recall,standard,0.3,1.0
news7_20260522,news7,chapter_llama,segment_f1,standard,0.3,0.6875000000000001
news7_20260522,news7,chapter_llama,matched_iou,standard,0.3,0.7758852778970028
news7_20260522,news7,chapter_llama,segment_precision,standard,0.5,0.42857142857142855
news7_20260522,news7,chapter_llama,segment_recall,standard,0.5,0.8181818181818182
news7_20260522,news7,chapter_llama,segment_f1,standard,0.5,0.5625
news7_20260522,news7,chapter_llama,matched_iou,standard,0.5,0.8524158549014562
news7_20260522,news7,chapter_llama,segment_precision,editorial_masked,0.1,0.5238095238095238
news7_20260522,news7,chapter_llama,segment_recall,editorial_masked,0.1,1.0
news7_20260522,news7,chapter_llama,segment_f1,editorial_masked,0.1,0.6875000000000001
news7_20260522,news7,chapter_llama,matched_iou,editorial_masked,0.1,0.7865350307269107
news7_20260522,news7,chapter_llama,segment_precision,editorial_masked,0.3,0.5238095238095238
news7_20260522,news7,chapter_llama,segment_recall,editorial_masked,0.3,1.0
news7_20260522,news7,chapter_llama,segment_f1,editorial_masked,0.3,0.6875000000000001
news7_20260522,news7,chapter_llama,matched_iou,editorial_masked,0.3,0.7865350307269107
news7_20260522,news7,chapter_llama,segment_precision,editorial_masked,0.5,0.42857142857142855
news7_20260522,news7,chapter_llama,segment_recall,editorial_masked,0.5,0.8181818181818182
news7_20260522,news7,chapter_llama,segment_f1,editorial_masked,0.5,0.5625
news7_20260522,news7,chapter_llama,matched_iou,editorial_masked,0.5,0.8654322194713434
news7_20260522,news7,chapter_llama_captions_asr,boundary_f1,standard,5.0,0.6923076923076924
news7_20260522,news7,chapter_llama_captions_asr,internal_boundary_f1,standard,5.0,0.75
news7_20260522,news7,chapter_llama_captions_asr,boundary_f1,standard,30.0,0.8461538461538461
news7_20260522,news7,chapter_llama_captions_asr,internal_boundary_f1,standard,30.0,0.8181818181818182
news7_20260522,news7,chapter_llama_captions_asr,pk,standard,,0.1650485436893204
news7_20260522,news7,chapter_llama_captions_asr,window_diff,standard,,0.1736150770988007
news7_20260522,news7,chapter_llama_captions_asr,topic_count_error,standard,,2.0
news7_20260522,news7,chapter_llama_captions_asr,segment_precision,standard,0.1,0.8461538461538461
news7_20260522,news7,chapter_llama_captions_asr,segment_recall,standard,0.1,1.0
news7_20260522,news7,chapter_llama_captions_asr,segment_f1,standard,0.1,0.9166666666666666
news7_20260522,news7,chapter_llama_captions_asr,matched_iou,standard,0.1,0.8645415482052429
news7_20260522,news7,chapter_llama_captions_asr,segment_precision,standard,0.3,0.8461538461538461
news7_20260522,news7,chapter_llama_captions_asr,segment_recall,standard,0.3,1.0
news7_20260522,news7,chapter_llama_captions_asr,segment_f1,standard,0.3,0.9166666666666666
news7_20260522,news7,chapter_llama_captions_asr,matched_iou,standard,0.3,0.8645415482052429
news7_20260522,news7,chapter_llama_captions_asr,segment_precision,standard,0.5,0.8461538461538461
news7_20260522,news7,chapter_llama_captions_asr,segment_recall,standard,0.5,1.0
news7_20260522,news7,chapter_llama_captions_asr,segment_f1,standard,0.5,0.9166666666666666
news7_20260522,news7,chapter_llama_captions_asr,matched_iou,standard,0.5,0.8645415482052429
news7_20260522,news7,chapter_llama_captions_asr,segment_precision,editorial_masked,0.1,0.8461538461538461
news7_20260522,news7,chapter_llama_captions_asr,segment_recall,editorial_masked,0.1,1.0
news7_20260522,news7,chapter_llama_captions_asr,segment_f1,editorial_masked,0.1,0.9166666666666666
news7_20260522,news7,chapter_llama_captions_asr,matched_iou,editorial_masked,0.1,0.8797082826238196
news7_20260522,news7,chapter_llama_captions_asr,segment_precision,editorial_masked,0.3,0.8461538461538461
news7_20260522,news7,chapter_llama_captions_asr,segment_recall,editorial_masked,0.3,1.0
news7_20260522,news7,chapter_llama_captions_asr,segment_f1,editorial_masked,0.3,0.9166666666666666
news7_20260522,news7,chapter_llama_captions_asr,matched_iou,editorial_masked,0.3,0.8797082826238196
news7_20260522,news7,chapter_llama_captions_asr,segment_precision,editorial_masked,0.5,0.8461538461538461
news7_20260522,news7,chapter_llama_captions_asr,segment_recall,editorial_masked,0.5,1.0
news7_20260522,news7,chapter_llama_captions_asr,segment_f1,editorial_masked,0.5,0.9166666666666666
news7_20260522,news7,chapter_llama_captions_asr,matched_iou,editorial_masked,0.5,0.8797082826238196
news7_20260526,news7,full,boundary_f1,standard,5.0,0.8888888888888888
news7_20260526,news7,full,internal_boundary_f1,standard,5.0,0.8571428571428571
news7_20260526,news7,full,boundary_f1,standard,30.0,1.0
news7_20260526,news7,full,internal_boundary_f1,standard,30.0,1.0
news7_20260526,news7,full,pk,standard,,0.010410641989589358
news7_20260526,news7,full,window_diff,standard,,0.019086176980913822
news7_20260526,news7,full,topic_count_error,standard,,0.0
news7_20260526,news7,full,segment_precision,standard,0.1,1.0
news7_20260526,news7,full,segment_recall,standard,0.1,1.0
news7_20260526,news7,full,segment_f1,standard,0.1,1.0
news7_20260526,news7,full,matched_iou,standard,0.1,0.9657696057545795
news7_20260526,news7,full,segment_precision,standard,0.3,1.0
news7_20260526,news7,full,segment_recall,standard,0.3,1.0
news7_20260526,news7,full,segment_f1,standard,0.3,1.0
news7_20260526,news7,full,matched_iou,standard,0.3,0.9657696057545795
news7_20260526,news7,full,segment_precision,standard,0.5,1.0
news7_20260526,news7,full,segment_recall,standard,0.5,1.0
news7_20260526,news7,full,segment_f1,standard,0.5,1.0
news7_20260526,news7,full,matched_iou,standard,0.5,0.9657696057545795
news7_20260526,news7,full,segment_precision,editorial_masked,0.1,1.0
news7_20260526,news7,full,segment_recall,editorial_masked,0.1,1.0
news7_20260526,news7,full,segment_f1,editorial_masked,0.1,1.0
news7_20260526,news7,full,matched_iou,editorial_masked,0.1,0.9659467995558151
news7_20260526,news7,full,segment_precision,editorial_masked,0.3,1.0
news7_20260526,news7,full,segment_recall,editorial_masked,0.3,1.0
news7_20260526,news7,full,segment_f1,editorial_masked,0.3,1.0
news7_20260526,news7,full,matched_iou,editorial_masked,0.3,0.9659467995558151
news7_20260526,news7,full,segment_precision,editorial_masked,0.5,1.0
news7_20260526,news7,full,segment_recall,editorial_masked,0.5,1.0
news7_20260526,news7,full,segment_f1,editorial_masked,0.5,1.0
news7_20260526,news7,full,matched_iou,editorial_masked,0.5,0.9659467995558151
news7_20260526,news7,chapter_llama,boundary_f1,standard,5.0,0.3636363636363637
news7_20260526,news7,chapter_llama,internal_boundary_f1,standard,5.0,0.4
news7_20260526,news7,chapter_llama,boundary_f1,standard,30.0,0.8181818181818181
news7_20260526,news7,chapter_llama,internal_boundary_f1,standard,30.0,0.7777777777777778
news7_20260526,news7,chapter_llama,pk,standard,,0.18507807981492191
news7_20260526,news7,chapter_llama,window_diff,standard,,0.18970503181029497
news7_20260526,news7,chapter_llama,topic_count_error,standard,,4.0
news7_20260526,news7,chapter_llama,segment_precision,standard,0.1,0.6666666666666666
news7_20260526,news7,chapter_llama,segment_recall,standard,0.1,1.0
news7_20260526,news7,chapter_llama,segment_f1,standard,0.1,0.8
news7_20260526,news7,chapter_llama,matched_iou,standard,0.1,0.8282499015789209
news7_20260526,news7,chapter_llama,segment_precision,standard,0.3,0.6666666666666666
news7_20260526,news7,chapter_llama,segment_recall,standard,0.3,1.0
news7_20260526,news7,chapter_llama,segment_f1,standard,0.3,0.8
news7_20260526,news7,chapter_llama,matched_iou,standard,0.3,0.8282499015789209
news7_20260526,news7,chapter_llama,segment_precision,standard,0.5,0.6666666666666666
news7_20260526,news7,chapter_llama,segment_recall,standard,0.5,1.0
news7_20260526,news7,chapter_llama,segment_f1,standard,0.5,0.8
news7_20260526,news7,chapter_llama,matched_iou,standard,0.5,0.8282499015789209
news7_20260526,news7,chapter_llama,segment_precision,editorial_masked,0.1,0.6666666666666666
news7_20260526,news7,chapter_llama,segment_recall,editorial_masked,0.1,1.0
news7_20260526,news7,chapter_llama,segment_f1,editorial_masked,0.1,0.8
news7_20260526,news7,chapter_llama,matched_iou,editorial_masked,0.1,0.8331687376910144
news7_20260526,news7,chapter_llama,segment_precision,editorial_masked,0.3,0.6666666666666666
news7_20260526,news7,chapter_llama,segment_recall,editorial_masked,0.3,1.0
news7_20260526,news7,chapter_llama,segment_f1,editorial_masked,0.3,0.8
news7_20260526,news7,chapter_llama,matched_iou,editorial_masked,0.3,0.8331687376910144
news7_20260526,news7,chapter_llama,segment_precision,editorial_masked,0.5,0.6666666666666666
news7_20260526,news7,chapter_llama,segment_recall,editorial_masked,0.5,1.0
news7_20260526,news7,chapter_llama,segment_f1,editorial_masked,0.5,0.8
news7_20260526,news7,chapter_llama,matched_iou,editorial_masked,0.5,0.8331687376910144
news7_20260526,news7,chapter_llama_captions_asr,boundary_f1,standard,5.0,0.4761904761904762
news7_20260526,news7,chapter_llama_captions_asr,internal_boundary_f1,standard,5.0,0.4444444444444444
news7_20260526,news7,chapter_llama_captions_asr,boundary_f1,standard,30.0,0.8571428571428571
news7_20260526,news7,chapter_llama_captions_asr,internal_boundary_f1,standard,30.0,0.8235294117647058
news7_20260526,news7,chapter_llama_captions_asr,pk,standard,,0.1266628108733372
news7_20260526,news7,chapter_llama_captions_asr,window_diff,standard,,0.12955465587044535
news7_20260526,news7,chapter_llama_captions_asr,topic_count_error,standard,,3.0
news7_20260526,news7,chapter_llama_captions_asr,segment_precision,standard,0.1,0.7272727272727273
news7_20260526,news7,chapter_llama_captions_asr,segment_recall,standard,0.1,1.0
news7_20260526,news7,chapter_llama_captions_asr,segment_f1,standard,0.1,0.8421052631578948
news7_20260526,news7,chapter_llama_captions_asr,matched_iou,standard,0.1,0.8787188629999498
news7_20260526,news7,chapter_llama_captions_asr,segment_precision,standard,0.3,0.7272727272727273
news7_20260526,news7,chapter_llama_captions_asr,segment_recall,standard,0.3,1.0
news7_20260526,news7,chapter_llama_captions_asr,segment_f1,standard,0.3,0.8421052631578948
news7_20260526,news7,chapter_llama_captions_asr,matched_iou,standard,0.3,0.8787188629999498
news7_20260526,news7,chapter_llama_captions_asr,segment_precision,standard,0.5,0.7272727272727273
news7_20260526,news7,chapter_llama_captions_asr,segment_recall,standard,0.5,1.0
news7_20260526,news7,chapter_llama_captions_asr,segment_f1,standard,0.5,0.8421052631578948
news7_20260526,news7,chapter_llama_captions_asr,matched_iou,standard,0.5,0.8787188629999498
news7_20260526,news7,chapter_llama_captions_asr,segment_precision,editorial_masked,0.1,0.8
news7_20260526,news7,chapter_llama_captions_asr,segment_recall,editorial_masked,0.1,1.0
news7_20260526,news7,chapter_llama_captions_asr,segment_f1,editorial_masked,0.1,0.888888888888889
news7_20260526,news7,chapter_llama_captions_asr,matched_iou,editorial_masked,0.1,0.8931211613508955
news7_20260526,news7,chapter_llama_captions_asr,segment_precision,editorial_masked,0.3,0.8
news7_20260526,news7,chapter_llama_captions_asr,segment_recall,editorial_masked,0.3,1.0
news7_20260526,news7,chapter_llama_captions_asr,segment_f1,editorial_masked,0.3,0.888888888888889
news7_20260526,news7,chapter_llama_captions_asr,matched_iou,editorial_masked,0.3,0.8931211613508955
news7_20260526,news7,chapter_llama_captions_asr,segment_precision,editorial_masked,0.5,0.8
news7_20260526,news7,chapter_llama_captions_asr,segment_recall,editorial_masked,0.5,1.0
news7_20260526,news7,chapter_llama_captions_asr,segment_f1,editorial_masked,0.5,0.888888888888889
news7_20260526,news7,chapter_llama_captions_asr,matched_iou,editorial_masked,0.5,0.8931211613508955
news7_20260601,news7,full,boundary_f1,standard,5.0,0.8181818181818182
news7_20260601,news7,full,internal_boundary_f1,standard,5.0,0.7777777777777778
news7_20260601,news7,full,boundary_f1,standard,30.0,0.9090909090909091
news7_20260601,news7,full,internal_boundary_f1,standard,30.0,0.8888888888888888
news7_20260601,news7,full,pk,standard,,0.07339449541284404
news7_20260601,news7,full,window_diff,standard,,0.12213302752293578
news7_20260601,news7,full,topic_count_error,standard,,1.0
news7_20260601,news7,full,segment_precision,standard,0.1,0.9
news7_20260601,news7,full,segment_recall,standard,0.1,1.0
news7_20260601,news7,full,segment_f1,standard,0.1,0.9473684210526316
news7_20260601,news7,full,matched_iou,standard,0.1,0.8646776328298051
news7_20260601,news7,full,segment_precision,standard,0.3,0.9
news7_20260601,news7,full,segment_recall,standard,0.3,1.0
news7_20260601,news7,full,segment_f1,standard,0.3,0.9473684210526316
news7_20260601,news7,full,matched_iou,standard,0.3,0.8646776328298051
news7_20260601,news7,full,segment_precision,standard,0.5,0.9
news7_20260601,news7,full,segment_recall,standard,0.5,1.0
news7_20260601,news7,full,segment_f1,standard,0.5,0.9473684210526316
news7_20260601,news7,full,matched_iou,standard,0.5,0.8646776328298051
news7_20260601,news7,full,segment_precision,editorial_masked,0.1,0.9
news7_20260601,news7,full,segment_recall,editorial_masked,0.1,1.0
news7_20260601,news7,full,segment_f1,editorial_masked,0.1,0.9473684210526316
news7_20260601,news7,full,matched_iou,editorial_masked,0.1,0.8691769928132024
news7_20260601,news7,full,segment_precision,editorial_masked,0.3,0.9
news7_20260601,news7,full,segment_recall,editorial_masked,0.3,1.0
news7_20260601,news7,full,segment_f1,editorial_masked,0.3,0.9473684210526316
news7_20260601,news7,full,matched_iou,editorial_masked,0.3,0.8691769928132024
news7_20260601,news7,full,segment_precision,editorial_masked,0.5,0.9
news7_20260601,news7,full,segment_recall,editorial_masked,0.5,1.0
news7_20260601,news7,full,segment_f1,editorial_masked,0.5,0.9473684210526316
news7_20260601,news7,full,matched_iou,editorial_masked,0.5,0.8691769928132024
news7_20260601,news7,chapter_llama,boundary_f1,standard,5.0,0.3272727272727273
news7_20260601,news7,chapter_llama,internal_boundary_f1,standard,5.0,0.339622641509434
news7_20260601,news7,chapter_llama,boundary_f1,standard,30.0,0.4
news7_20260601,news7,chapter_llama,internal_boundary_f1,standard,30.0,0.35294117647058826
news7_20260601,news7,chapter_llama,pk,standard,,0.6427752293577982
news7_20260601,news7,chapter_llama,window_diff,standard,,0.8090596330275229
news7_20260601,news7,chapter_llama,topic_count_error,standard,,34.0
news7_20260601,news7,chapter_llama,segment_precision,standard,0.1,0.20930232558139536
news7_20260601,news7,chapter_llama,segment_recall,standard,0.1,1.0
news7_20260601,news7,chapter_llama,segment_f1,standard,0.1,0.3461538461538462
news7_20260601,news7,chapter_llama,matched_iou,standard,0.1,0.6158782723576647
news7_20260601,news7,chapter_llama,segment_precision,standard,0.3,0.16279069767441862
news7_20260601,news7,chapter_llama,segment_recall,standard,0.3,0.7777777777777778
news7_20260601,news7,chapter_llama,segment_f1,standard,0.3,0.2692307692307693
news7_20260601,news7,chapter_llama,matched_iou,standard,0.3,0.7384118273092966
news7_20260601,news7,chapter_llama,segment_precision,standard,0.5,0.13953488372093023
news7_20260601,news7,chapter_llama,segment_recall,standard,0.5,0.6666666666666666
news7_20260601,news7,chapter_llama,segment_f1,standard,0.5,0.23076923076923078
news7_20260601,news7,chapter_llama,matched_iou,standard,0.5,0.7810586549632313
news7_20260601,news7,chapter_llama,segment_precision,editorial_masked,0.1,0.20930232558139536
news7_20260601,news7,chapter_llama,segment_recall,editorial_masked,0.1,1.0
news7_20260601,news7,chapter_llama,segment_f1,editorial_masked,0.1,0.3461538461538462
news7_20260601,news7,chapter_llama,matched_iou,editorial_masked,0.1,0.6164615509221958
news7_20260601,news7,chapter_llama,segment_precision,editorial_masked,0.3,0.16279069767441862
news7_20260601,news7,chapter_llama,segment_recall,editorial_masked,0.3,0.7777777777777778
news7_20260601,news7,chapter_llama,segment_f1,editorial_masked,0.3,0.2692307692307693
news7_20260601,news7,chapter_llama,matched_iou,editorial_masked,0.3,0.7391617568922649
news7_20260601,news7,chapter_llama,segment_precision,editorial_masked,0.5,0.13953488372093023
news7_20260601,news7,chapter_llama,segment_recall,editorial_masked,0.5,0.6666666666666666
news7_20260601,news7,chapter_llama,segment_f1,editorial_masked,0.5,0.23076923076923078
news7_20260601,news7,chapter_llama,matched_iou,editorial_masked,0.5,0.781933572810028
news7_20260601,news7,chapter_llama_captions_asr,boundary_f1,standard,5.0,0.6956521739130435
news7_20260601,news7,chapter_llama_captions_asr,internal_boundary_f1,standard,5.0,0.761904761904762
news7_20260601,news7,chapter_llama_captions_asr,boundary_f1,standard,30.0,0.8695652173913043
news7_20260601,news7,chapter_llama_captions_asr,internal_boundary_f1,standard,30.0,0.8421052631578948
news7_20260601,news7,chapter_llama_captions_asr,pk,standard,,0.12385321100917432
news7_20260601,news7,chapter_llama_captions_asr,window_diff,standard,,0.15309633027522937
news7_20260601,news7,chapter_llama_captions_asr,topic_count_error,standard,,2.0
news7_20260601,news7,chapter_llama_captions_asr,segment_precision,standard,0.1,0.8181818181818182
news7_20260601,news7,chapter_llama_captions_asr,segment_recall,standard,0.1,1.0
news7_20260601,news7,chapter_llama_captions_asr,segment_f1,standard,0.1,0.9
news7_20260601,news7,chapter_llama_captions_asr,matched_iou,standard,0.1,0.9007530525610452
news7_20260601,news7,chapter_llama_captions_asr,segment_precision,standard,0.3,0.8181818181818182
news7_20260601,news7,chapter_llama_captions_asr,segment_recall,standard,0.3,1.0
news7_20260601,news7,chapter_llama_captions_asr,segment_f1,standard,0.3,0.9
news7_20260601,news7,chapter_llama_captions_asr,matched_iou,standard,0.3,0.9007530525610452
news7_20260601,news7,chapter_llama_captions_asr,segment_precision,standard,0.5,0.7272727272727273
news7_20260601,news7,chapter_llama_captions_asr,segment_recall,standard,0.5,0.8888888888888888
news7_20260601,news7,chapter_llama_captions_asr,segment_f1,standard,0.5,0.7999999999999999
news7_20260601,news7,chapter_llama_captions_asr,matched_iou,standard,0.5,0.9715534690259866
news7_20260601,news7,chapter_llama_captions_asr,segment_precision,editorial_masked,0.1,0.8181818181818182
news7_20260601,news7,chapter_llama_captions_asr,segment_recall,editorial_masked,0.1,1.0
news7_20260601,news7,chapter_llama_captions_asr,segment_f1,editorial_masked,0.1,0.9
news7_20260601,news7,chapter_llama_captions_asr,matched_iou,editorial_masked,0.1,0.9154075336082593
news7_20260601,news7,chapter_llama_captions_asr,segment_precision,editorial_masked,0.3,0.8181818181818182
news7_20260601,news7,chapter_llama_captions_asr,segment_recall,editorial_masked,0.3,1.0
news7_20260601,news7,chapter_llama_captions_asr,segment_f1,editorial_masked,0.3,0.9
news7_20260601,news7,chapter_llama_captions_asr,matched_iou,editorial_masked,0.3,0.9154075336082593
news7_20260601,news7,chapter_llama_captions_asr,segment_precision,editorial_masked,0.5,0.7272727272727273
news7_20260601,news7,chapter_llama_captions_asr,segment_recall,editorial_masked,0.5,0.8888888888888888
news7_20260601,news7,chapter_llama_captions_asr,segment_f1,editorial_masked,0.5,0.7999999999999999
news7_20260601,news7,chapter_llama_captions_asr,matched_iou,editorial_masked,0.5,0.9870350949964753
news7_20260605,news7,full,boundary_f1,standard,5.0,0.34782608695652173
news7_20260605,news7,full,internal_boundary_f1,standard,5.0,0.3
news7_20260605,news7,full,boundary_f1,standard,30.0,0.6086956521739131
news7_20260605,news7,full,internal_boundary_f1,standard,30.0,0.6
news7_20260605,news7,full,pk,standard,,0.28455754771544245
news7_20260605,news7,full,window_diff,standard,,0.3267784846732215
news7_20260605,news7,full,topic_count_error,standard,,5.0
news7_20260605,news7,full,segment_precision,standard,0.1,0.5384615384615384
news7_20260605,news7,full,segment_recall,standard,0.1,0.875
news7_20260605,news7,full,segment_f1,standard,0.1,0.6666666666666667
news7_20260605,news7,full,matched_iou,standard,0.1,0.7939530975709544
news7_20260605,news7,full,segment_precision,standard,0.3,0.46153846153846156
news7_20260605,news7,full,segment_recall,standard,0.3,0.75
news7_20260605,news7,full,segment_f1,standard,0.3,0.5714285714285714
news7_20260605,news7,full,matched_iou,standard,0.3,0.8888837680014919
news7_20260605,news7,full,segment_precision,standard,0.5,0.46153846153846156
news7_20260605,news7,full,segment_recall,standard,0.5,0.75
news7_20260605,news7,full,segment_f1,standard,0.5,0.5714285714285714
news7_20260605,news7,full,matched_iou,standard,0.5,0.8888837680014919
news7_20260605,news7,full,segment_precision,editorial_masked,0.1,0.5384615384615384
news7_20260605,news7,full,segment_recall,editorial_masked,0.1,0.875
news7_20260605,news7,full,segment_f1,editorial_masked,0.1,0.6666666666666667
news7_20260605,news7,full,matched_iou,editorial_masked,0.1,0.7939530975709544
news7_20260605,news7,full,segment_precision,editorial_masked,0.3,0.46153846153846156
news7_20260605,news7,full,segment_recall,editorial_masked,0.3,0.75
news7_20260605,news7,full,segment_f1,editorial_masked,0.3,0.5714285714285714
news7_20260605,news7,full,matched_iou,editorial_masked,0.3,0.8888837680014919
news7_20260605,news7,full,segment_precision,editorial_masked,0.5,0.46153846153846156
news7_20260605,news7,full,segment_recall,editorial_masked,0.5,0.75
news7_20260605,news7,full,segment_f1,editorial_masked,0.5,0.5714285714285714
news7_20260605,news7,full,matched_iou,editorial_masked,0.5,0.8888837680014919
news7_20260605,news7,chapter_llama,boundary_f1,standard,5.0,0.4210526315789474
news7_20260605,news7,chapter_llama,internal_boundary_f1,standard,5.0,0.47058823529411764
news7_20260605,news7,chapter_llama,boundary_f1,standard,30.0,0.8421052631578948
news7_20260605,news7,chapter_llama,internal_boundary_f1,standard,30.0,0.7999999999999999
news7_20260605,news7,chapter_llama,pk,standard,,0.16541353383458646
news7_20260605,news7,chapter_llama,window_diff,standard,,0.16541353383458646
news7_20260605,news7,chapter_llama,topic_count_error,standard,,1.0
news7_20260605,news7,chapter_llama,segment_precision,standard,0.1,0.7777777777777778
news7_20260605,news7,chapter_llama,segment_recall,standard,0.1,0.875
news7_20260605,news7,chapter_llama,segment_f1,standard,0.1,0.823529411764706
news7_20260605,news7,chapter_llama,matched_iou,standard,0.1,0.865218919720358
news7_20260605,news7,chapter_llama,segment_precision,standard,0.3,0.7777777777777778
news7_20260605,news7,chapter_llama,segment_recall,standard,0.3,0.875
news7_20260605,news7,chapter_llama,segment_f1,standard,0.3,0.823529411764706
news7_20260605,news7,chapter_llama,matched_iou,standard,0.3,0.865218919720358
news7_20260605,news7,chapter_llama,segment_precision,standard,0.5,0.7777777777777778
news7_20260605,news7,chapter_llama,segment_recall,standard,0.5,0.875
news7_20260605,news7,chapter_llama,segment_f1,standard,0.5,0.823529411764706
news7_20260605,news7,chapter_llama,matched_iou,standard,0.5,0.865218919720358
news7_20260605,news7,chapter_llama,segment_precision,editorial_masked,0.1,0.7777777777777778
news7_20260605,news7,chapter_llama,segment_recall,editorial_masked,0.1,0.875
news7_20260605,news7,chapter_llama,segment_f1,editorial_masked,0.1,0.823529411764706
news7_20260605,news7,chapter_llama,matched_iou,editorial_masked,0.1,0.8892694854581151
news7_20260605,news7,chapter_llama,segment_precision,editorial_masked,0.3,0.7777777777777778
news7_20260605,news7,chapter_llama,segment_recall,editorial_masked,0.3,0.875
news7_20260605,news7,chapter_llama,segment_f1,editorial_masked,0.3,0.823529411764706
news7_20260605,news7,chapter_llama,matched_iou,editorial_masked,0.3,0.8892694854581151
news7_20260605,news7,chapter_llama,segment_precision,editorial_masked,0.5,0.7777777777777778
news7_20260605,news7,chapter_llama,segment_recall,editorial_masked,0.5,0.875
news7_20260605,news7,chapter_llama,segment_f1,editorial_masked,0.5,0.823529411764706
news7_20260605,news7,chapter_llama,matched_iou,editorial_masked,0.5,0.8892694854581151
news7_20260605,news7,chapter_llama_captions_asr,boundary_f1,standard,5.0,0.4210526315789474
news7_20260605,news7,chapter_llama_captions_asr,internal_boundary_f1,standard,5.0,0.47058823529411764
news7_20260605,news7,chapter_llama_captions_asr,boundary_f1,standard,30.0,0.8421052631578948
news7_20260605,news7,chapter_llama_captions_asr,internal_boundary_f1,standard,30.0,0.7999999999999999
news7_20260605,news7,chapter_llama_captions_asr,pk,standard,,0.16772700983227298
news7_20260605,news7,chapter_llama_captions_asr,window_diff,standard,,0.16772700983227298
news7_20260605,news7,chapter_llama_captions_asr,topic_count_error,standard,,1.0
news7_20260605,news7,chapter_llama_captions_asr,segment_precision,standard,0.1,0.7777777777777778
news7_20260605,news7,chapter_llama_captions_asr,segment_recall,standard,0.1,0.875
news7_20260605,news7,chapter_llama_captions_asr,segment_f1,standard,0.1,0.823529411764706
news7_20260605,news7,chapter_llama_captions_asr,matched_iou,standard,0.1,0.8627079275206707
news7_20260605,news7,chapter_llama_captions_asr,segment_precision,standard,0.3,0.7777777777777778
news7_20260605,news7,chapter_llama_captions_asr,segment_recall,standard,0.3,0.875
news7_20260605,news7,chapter_llama_captions_asr,segment_f1,standard,0.3,0.823529411764706
news7_20260605,news7,chapter_llama_captions_asr,matched_iou,standard,0.3,0.8627079275206707
news7_20260605,news7,chapter_llama_captions_asr,segment_precision,standard,0.5,0.7777777777777778
news7_20260605,news7,chapter_llama_captions_asr,segment_recall,standard,0.5,0.875
news7_20260605,news7,chapter_llama_captions_asr,segment_f1,standard,0.5,0.823529411764706
news7_20260605,news7,chapter_llama_captions_asr,matched_iou,standard,0.5,0.8627079275206707
news7_20260605,news7,chapter_llama_captions_asr,segment_precision,editorial_masked,0.1,0.7777777777777778
news7_20260605,news7,chapter_llama_captions_asr,segment_recall,editorial_masked,0.1,0.875
news7_20260605,news7,chapter_llama_captions_asr,segment_f1,editorial_masked,0.1,0.823529411764706
news7_20260605,news7,chapter_llama_captions_asr,matched_iou,editorial_masked,0.1,0.8866465778689753
news7_20260605,news7,chapter_llama_captions_asr,segment_precision,editorial_masked,0.3,0.7777777777777778
news7_20260605,news7,chapter_llama_captions_asr,segment_recall,editorial_masked,0.3,0.875
news7_20260605,news7,chapter_llama_captions_asr,segment_f1,editorial_masked,0.3,0.823529411764706
news7_20260605,news7,chapter_llama_captions_asr,matched_iou,editorial_masked,0.3,0.8866465778689753
news7_20260605,news7,chapter_llama_captions_asr,segment_precision,editorial_masked,0.5,0.7777777777777778
news7_20260605,news7,chapter_llama_captions_asr,segment_recall,editorial_masked,0.5,0.875
news7_20260605,news7,chapter_llama_captions_asr,segment_f1,editorial_masked,0.5,0.823529411764706
news7_20260605,news7,chapter_llama_captions_asr,matched_iou,editorial_masked,0.5,0.8866465778689753
news7_20260614,news7,full,boundary_f1,standard,5.0,0.5599999999999999
news7_20260614,news7,full,internal_boundary_f1,standard,5.0,0.5454545454545454
news7_20260614,news7,full,boundary_f1,standard,30.0,0.8799999999999999
news7_20260614,news7,full,internal_boundary_f1,standard,30.0,0.8571428571428572
news7_20260614,news7,full,pk,standard,,0.053714285714285714
news7_20260614,news7,full,window_diff,standard,,0.12228571428571429
news7_20260614,news7,full,topic_count_error,standard,,0.0
news7_20260614,news7,full,segment_precision,standard,0.1,1.0
news7_20260614,news7,full,segment_recall,standard,0.1,1.0
news7_20260614,news7,full,segment_f1,standard,0.1,1.0
news7_20260614,news7,full,matched_iou,standard,0.1,0.8059652644307748
news7_20260614,news7,full,segment_precision,standard,0.3,0.9090909090909091
news7_20260614,news7,full,segment_recall,standard,0.3,0.9090909090909091
news7_20260614,news7,full,segment_f1,standard,0.3,0.9090909090909091
news7_20260614,news7,full,matched_iou,standard,0.3,0.8863637244155116
news7_20260614,news7,full,segment_precision,standard,0.5,0.9090909090909091
news7_20260614,news7,full,segment_recall,standard,0.5,0.9090909090909091
news7_20260614,news7,full,segment_f1,standard,0.5,0.9090909090909091
news7_20260614,news7,full,matched_iou,standard,0.5,0.8863637244155116
news7_20260614,news7,full,segment_precision,editorial_masked,0.1,1.0
news7_20260614,news7,full,segment_recall,editorial_masked,0.1,1.0
news7_20260614,news7,full,segment_f1,editorial_masked,0.1,1.0
news7_20260614,news7,full,matched_iou,editorial_masked,0.1,0.8094531924313334
news7_20260614,news7,full,segment_precision,editorial_masked,0.3,0.9090909090909091
news7_20260614,news7,full,segment_recall,editorial_masked,0.3,0.9090909090909091
news7_20260614,news7,full,segment_f1,editorial_masked,0.3,0.9090909090909091
news7_20260614,news7,full,matched_iou,editorial_masked,0.3,0.8902004452161263
news7_20260614,news7,full,segment_precision,editorial_masked,0.5,0.9090909090909091
news7_20260614,news7,full,segment_recall,editorial_masked,0.5,0.9090909090909091
news7_20260614,news7,full,segment_f1,editorial_masked,0.5,0.9090909090909091
news7_20260614,news7,full,matched_iou,editorial_masked,0.5,0.8902004452161263
news7_20260614,news7,chapter_llama,boundary_f1,standard,5.0,0.4761904761904762
news7_20260614,news7,chapter_llama,internal_boundary_f1,standard,5.0,0.5263157894736842
news7_20260614,news7,chapter_llama,boundary_f1,standard,30.0,0.8571428571428571
news7_20260614,news7,chapter_llama,internal_boundary_f1,standard,30.0,0.8235294117647058
news7_20260614,news7,chapter_llama,pk,standard,,0.15371428571428572
news7_20260614,news7,chapter_llama,window_diff,standard,,0.1737142857142857
news7_20260614,news7,chapter_llama,topic_count_error,standard,,3.0
news7_20260614,news7,chapter_llama,segment_precision,standard,0.1,1.0
news7_20260614,news7,chapter_llama,segment_recall,standard,0.1,0.7272727272727273
news7_20260614,news7,chapter_llama,segment_f1,standard,0.1,0.8421052631578948
news7_20260614,news7,chapter_llama,matched_iou,standard,0.1,0.8240139037854235
news7_20260614,news7,chapter_llama,segment_precision,standard,0.3,1.0
news7_20260614,news7,chapter_llama,segment_recall,standard,0.3,0.7272727272727273
news7_20260614,news7,chapter_llama,segment_f1,standard,0.3,0.8421052631578948
news7_20260614,news7,chapter_llama,matched_iou,standard,0.3,0.8240139037854235
news7_20260614,news7,chapter_llama,segment_precision,standard,0.5,0.875
news7_20260614,news7,chapter_llama,segment_recall,standard,0.5,0.6363636363636364
news7_20260614,news7,chapter_llama,segment_f1,standard,0.5,0.7368421052631579
news7_20260614,news7,chapter_llama,matched_iou,standard,0.5,0.88403698180425
news7_20260614,news7,chapter_llama,segment_precision,editorial_masked,0.1,1.0
news7_20260614,news7,chapter_llama,segment_recall,editorial_masked,0.1,0.7272727272727273
news7_20260614,news7,chapter_llama,segment_f1,editorial_masked,0.1,0.8421052631578948
news7_20260614,news7,chapter_llama,matched_iou,editorial_masked,0.1,0.8383484389296425
news7_20260614,news7,chapter_llama,segment_precision,editorial_masked,0.3,1.0
news7_20260614,news7,chapter_llama,segment_recall,editorial_masked,0.3,0.7272727272727273
news7_20260614,news7,chapter_llama,segment_f1,editorial_masked,0.3,0.8421052631578948
news7_20260614,news7,chapter_llama,matched_iou,editorial_masked,0.3,0.8383484389296425
news7_20260614,news7,chapter_llama,segment_precision,editorial_masked,0.5,0.875
news7_20260614,news7,chapter_llama,segment_recall,editorial_masked,0.5,0.6363636363636364
news7_20260614,news7,chapter_llama,segment_f1,editorial_masked,0.5,0.7368421052631579
news7_20260614,news7,chapter_llama,matched_iou,editorial_masked,0.5,0.8967917950527948
news7_20260614,news7,chapter_llama_captions_asr,boundary_f1,standard,5.0,0.43478260869565216
news7_20260614,news7,chapter_llama_captions_asr,internal_boundary_f1,standard,5.0,0.47619047619047616
news7_20260614,news7,chapter_llama_captions_asr,boundary_f1,standard,30.0,0.9565217391304348
news7_20260614,news7,chapter_llama_captions_asr,internal_boundary_f1,standard,30.0,0.9473684210526316
news7_20260614,news7,chapter_llama_captions_asr,pk,standard,,0.09028571428571429
news7_20260614,news7,chapter_llama_captions_asr,window_diff,standard,,0.12114285714285715
news7_20260614,news7,chapter_llama_captions_asr,topic_count_error,standard,,1.0
news7_20260614,news7,chapter_llama_captions_asr,segment_precision,standard,0.1,1.0
news7_20260614,news7,chapter_llama_captions_asr,segment_recall,standard,0.1,0.9090909090909091
news7_20260614,news7,chapter_llama_captions_asr,segment_f1,standard,0.1,0.9523809523809523
news7_20260614,news7,chapter_llama_captions_asr,matched_iou,standard,0.1,0.8340102522630793
news7_20260614,news7,chapter_llama_captions_asr,segment_precision,standard,0.3,1.0
news7_20260614,news7,chapter_llama_captions_asr,segment_recall,standard,0.3,0.9090909090909091
news7_20260614,news7,chapter_llama_captions_asr,segment_f1,standard,0.3,0.9523809523809523
news7_20260614,news7,chapter_llama_captions_asr,matched_iou,standard,0.3,0.8340102522630793
news7_20260614,news7,chapter_llama_captions_asr,segment_precision,standard,0.5,1.0
news7_20260614,news7,chapter_llama_captions_asr,segment_recall,standard,0.5,0.9090909090909091
news7_20260614,news7,chapter_llama_captions_asr,segment_f1,standard,0.5,0.9523809523809523
news7_20260614,news7,chapter_llama_captions_asr,matched_iou,standard,0.5,0.8340102522630793
news7_20260614,news7,chapter_llama_captions_asr,segment_precision,editorial_masked,0.1,1.0
news7_20260614,news7,chapter_llama_captions_asr,segment_recall,editorial_masked,0.1,0.9090909090909091
news7_20260614,news7,chapter_llama_captions_asr,segment_f1,editorial_masked,0.1,0.9523809523809523
news7_20260614,news7,chapter_llama_captions_asr,matched_iou,editorial_masked,0.1,0.852152998921128
news7_20260614,news7,chapter_llama_captions_asr,segment_precision,editorial_masked,0.3,1.0
news7_20260614,news7,chapter_llama_captions_asr,segment_recall,editorial_masked,0.3,0.9090909090909091
news7_20260614,news7,chapter_llama_captions_asr,segment_f1,editorial_masked,0.3,0.9523809523809523
news7_20260614,news7,chapter_llama_captions_asr,matched_iou,editorial_masked,0.3,0.852152998921128
news7_20260614,news7,chapter_llama_captions_asr,segment_precision,editorial_masked,0.5,1.0
news7_20260614,news7,chapter_llama_captions_asr,segment_recall,editorial_masked,0.5,0.9090909090909091
news7_20260614,news7,chapter_llama_captions_asr,segment_f1,editorial_masked,0.5,0.9523809523809523
news7_20260614,news7,chapter_llama_captions_asr,matched_iou,editorial_masked,0.5,0.852152998921128
news7_20260619,news7,full,boundary_f1,standard,5.0,0.7826086956521738
news7_20260619,news7,full,internal_boundary_f1,standard,5.0,0.7368421052631577
news7_20260619,news7,full,boundary_f1,standard,30.0,0.9565217391304348
news7_20260619,news7,full,internal_boundary_f1,standard,30.0,0.9473684210526316
news7_20260619,news7,full,pk,standard,,0.021203438395415473
news7_20260619,news7,full,window_diff,standard,,0.055587392550143264
news7_20260619,news7,full,topic_count_error,standard,,1.0
news7_20260619,news7,full,segment_precision,standard,0.1,0.9090909090909091
news7_20260619,news7,full,segment_recall,standard,0.1,1.0
news7_20260619,news7,full,segment_f1,standard,0.1,0.9523809523809523
news7_20260619,news7,full,matched_iou,standard,0.1,0.9033557678665245
news7_20260619,news7,full,segment_precision,standard,0.3,0.9090909090909091
news7_20260619,news7,full,segment_recall,standard,0.3,1.0
news7_20260619,news7,full,segment_f1,standard,0.3,0.9523809523809523
news7_20260619,news7,full,matched_iou,standard,0.3,0.9033557678665245
news7_20260619,news7,full,segment_precision,standard,0.5,0.9090909090909091
news7_20260619,news7,full,segment_recall,standard,0.5,1.0
news7_20260619,news7,full,segment_f1,standard,0.5,0.9523809523809523
news7_20260619,news7,full,matched_iou,standard,0.5,0.9033557678665245
news7_20260619,news7,full,segment_precision,editorial_masked,0.1,0.9090909090909091
news7_20260619,news7,full,segment_recall,editorial_masked,0.1,1.0
news7_20260619,news7,full,segment_f1,editorial_masked,0.1,0.9523809523809523
news7_20260619,news7,full,matched_iou,editorial_masked,0.1,0.9033557678665245
news7_20260619,news7,full,segment_precision,editorial_masked,0.3,0.9090909090909091
news7_20260619,news7,full,segment_recall,editorial_masked,0.3,1.0
news7_20260619,news7,full,segment_f1,editorial_masked,0.3,0.9523809523809523
news7_20260619,news7,full,matched_iou,editorial_masked,0.3,0.9033557678665245
news7_20260619,news7,full,segment_precision,editorial_masked,0.5,0.9090909090909091
news7_20260619,news7,full,segment_recall,editorial_masked,0.5,1.0
news7_20260619,news7,full,segment_f1,editorial_masked,0.5,0.9523809523809523
news7_20260619,news7,full,matched_iou,editorial_masked,0.5,0.9033557678665245
news7_20260619,news7,chapter_llama,boundary_f1,standard,5.0,0.5454545454545454
news7_20260619,news7,chapter_llama,internal_boundary_f1,standard,5.0,0.6
news7_20260619,news7,chapter_llama,boundary_f1,standard,30.0,0.9090909090909091
news7_20260619,news7,chapter_llama,internal_boundary_f1,standard,30.0,0.8888888888888888
news7_20260619,news7,chapter_llama,pk,standard,,0.0997134670487106
news7_20260619,news7,chapter_llama,window_diff,standard,,0.13982808022922635
news7_20260619,news7,chapter_llama,topic_count_error,standard,,0.0
news7_20260619,news7,chapter_llama,segment_precision,standard,0.1,1.0
news7_20260619,news7,chapter_llama,segment_recall,standard,0.1,1.0
news7_20260619,news7,chapter_llama,segment_f1,standard,0.1,1.0
news7_20260619,news7,chapter_llama,matched_iou,standard,0.1,0.7901835830638132
news7_20260619,news7,chapter_llama,segment_precision,standard,0.3,1.0
news7_20260619,news7,chapter_llama,segment_recall,standard,0.3,1.0
news7_20260619,news7,chapter_llama,segment_f1,standard,0.3,1.0
news7_20260619,news7,chapter_llama,matched_iou,standard,0.3,0.7901835830638132
news7_20260619,news7,chapter_llama,segment_precision,standard,0.5,0.8
news7_20260619,news7,chapter_llama,segment_recall,standard,0.5,0.8
news7_20260619,news7,chapter_llama,segment_f1,standard,0.5,0.8000000000000002
news7_20260619,news7,chapter_llama,matched_iou,standard,0.5,0.8722430802669581
news7_20260619,news7,chapter_llama,segment_precision,editorial_masked,0.1,1.0
news7_20260619,news7,chapter_llama,segment_recall,editorial_masked,0.1,1.0
news7_20260619,news7,chapter_llama,segment_f1,editorial_masked,0.1,1.0
news7_20260619,news7,chapter_llama,matched_iou,editorial_masked,0.1,0.8175443807763465
news7_20260619,news7,chapter_llama,segment_precision,editorial_masked,0.3,1.0
news7_20260619,news7,chapter_llama,segment_recall,editorial_masked,0.3,1.0
news7_20260619,news7,chapter_llama,segment_f1,editorial_masked,0.3,1.0
news7_20260619,news7,chapter_llama,matched_iou,editorial_masked,0.3,0.8175443807763465
news7_20260619,news7,chapter_llama,segment_precision,editorial_masked,0.5,0.8
news7_20260619,news7,chapter_llama,segment_recall,editorial_masked,0.5,0.8
news7_20260619,news7,chapter_llama,segment_f1,editorial_masked,0.5,0.8000000000000002
news7_20260619,news7,chapter_llama,matched_iou,editorial_masked,0.5,0.9064440774076248
news7_20260619,news7,chapter_llama_captions_asr,boundary_f1,standard,5.0,0.5454545454545454
news7_20260619,news7,chapter_llama_captions_asr,internal_boundary_f1,standard,5.0,0.6
news7_20260619,news7,chapter_llama_captions_asr,boundary_f1,standard,30.0,1.0
news7_20260619,news7,chapter_llama_captions_asr,internal_boundary_f1,standard,30.0,1.0
news7_20260619,news7,chapter_llama_captions_asr,pk,standard,,0.07679083094555873
news7_20260619,news7,chapter_llama_captions_asr,window_diff,standard,,0.1008595988538682
news7_20260619,news7,chapter_llama_captions_asr,topic_count_error,standard,,0.0
news7_20260619,news7,chapter_llama_captions_asr,segment_precision,standard,0.1,1.0
news7_20260619,news7,chapter_llama_captions_asr,segment_recall,standard,0.1,1.0
news7_20260619,news7,chapter_llama_captions_asr,segment_f1,standard,0.1,1.0
news7_20260619,news7,chapter_llama_captions_asr,matched_iou,standard,0.1,0.8537902340975693
news7_20260619,news7,chapter_llama_captions_asr,segment_precision,standard,0.3,1.0
news7_20260619,news7,chapter_llama_captions_asr,segment_recall,standard,0.3,1.0
news7_20260619,news7,chapter_llama_captions_asr,segment_f1,standard,0.3,1.0
news7_20260619,news7,chapter_llama_captions_asr,matched_iou,standard,0.3,0.8537902340975693
news7_20260619,news7,chapter_llama_captions_asr,segment_precision,standard,0.5,0.9
news7_20260619,news7,chapter_llama_captions_asr,segment_recall,standard,0.5,0.9
news7_20260619,news7,chapter_llama_captions_asr,segment_f1,standard,0.5,0.9
news7_20260619,news7,chapter_llama_captions_asr,matched_iou,standard,0.5,0.894856230407427
news7_20260619,news7,chapter_llama_captions_asr,segment_precision,editorial_masked,0.1,1.0
news7_20260619,news7,chapter_llama_captions_asr,segment_recall,editorial_masked,0.1,1.0
news7_20260619,news7,chapter_llama_captions_asr,segment_f1,editorial_masked,0.1,1.0
news7_20260619,news7,chapter_llama_captions_asr,matched_iou,editorial_masked,0.1,0.8791958247284664
news7_20260619,news7,chapter_llama_captions_asr,segment_precision,editorial_masked,0.3,1.0
news7_20260619,news7,chapter_llama_captions_asr,segment_recall,editorial_masked,0.3,1.0
news7_20260619,news7,chapter_llama_captions_asr,segment_f1,editorial_masked,0.3,1.0
news7_20260619,news7,chapter_llama_captions_asr,matched_iou,editorial_masked,0.3,0.8791958247284664
news7_20260619,news7,chapter_llama_captions_asr,segment_precision,editorial_masked,0.5,0.9
news7_20260619,news7,chapter_llama_captions_asr,segment_recall,editorial_masked,0.5,0.9
news7_20260619,news7,chapter_llama_captions_asr,segment_f1,editorial_masked,0.5,0.9
news7_20260619,news7,chapter_llama_captions_asr,matched_iou,editorial_masked,0.5,0.9230846644417569
news7_20260622,news7,full,boundary_f1,standard,5.0,0.5185185185185185
news7_20260622,news7,full,internal_boundary_f1,standard,5.0,0.5
news7_20260622,news7,full,boundary_f1,standard,30.0,0.7407407407407407
news7_20260622,news7,full,internal_boundary_f1,standard,30.0,0.6956521739130436
news7_20260622,news7,full,pk,standard,,0.17318757192174913
news7_20260622,news7,full,window_diff,standard,,0.2474108170310702
news7_20260622,news7,full,topic_count_error,standard,,7.0
news7_20260622,news7,full,segment_precision,standard,0.1,0.5625
news7_20260622,news7,full,segment_recall,standard,0.1,1.0
news7_20260622,news7,full,segment_f1,standard,0.1,0.72
news7_20260622,news7,full,matched_iou,standard,0.1,0.8107511036141168
news7_20260622,news7,full,segment_precision,standard,0.3,0.5
news7_20260622,news7,full,segment_recall,standard,0.3,0.8888888888888888
news7_20260622,news7,full,segment_f1,standard,0.3,0.64
news7_20260622,news7,full,matched_iou,standard,0.3,0.8832290448324995
news7_20260622,news7,full,segment_precision,standard,0.5,0.4375
news7_20260622,news7,full,segment_recall,standard,0.5,0.7777777777777778
news7_20260622,news7,full,segment_f1,standard,0.5,0.56
news7_20260622,news7,full,matched_iou,standard,0.5,0.9481078830588493
news7_20260622,news7,full,segment_precision,editorial_masked,0.1,0.5625
news7_20260622,news7,full,segment_recall,editorial_masked,0.1,1.0
news7_20260622,news7,full,segment_f1,editorial_masked,0.1,0.72
news7_20260622,news7,full,matched_iou,editorial_masked,0.1,0.8158126433217068
news7_20260622,news7,full,segment_precision,editorial_masked,0.3,0.5
news7_20260622,news7,full,segment_recall,editorial_masked,0.3,0.8888888888888888
news7_20260622,news7,full,segment_f1,editorial_masked,0.3,0.64
news7_20260622,news7,full,matched_iou,editorial_masked,0.3,0.8889232770035382
news7_20260622,news7,full,segment_precision,editorial_masked,0.5,0.4375
news7_20260622,news7,full,segment_recall,editorial_masked,0.5,0.7777777777777778
news7_20260622,news7,full,segment_f1,editorial_masked,0.5,0.56
news7_20260622,news7,full,matched_iou,editorial_masked,0.5,0.9546155769686078
news7_20260622,news7,chapter_llama,boundary_f1,standard,5.0,0.45454545454545453
news7_20260622,news7,chapter_llama,internal_boundary_f1,standard,5.0,0.5
news7_20260622,news7,chapter_llama,boundary_f1,standard,30.0,0.7272727272727272
news7_20260622,news7,chapter_llama,internal_boundary_f1,standard,30.0,0.6666666666666665
news7_20260622,news7,chapter_llama,pk,standard,,0.2422324510932106
news7_20260622,news7,chapter_llama,window_diff,standard,,0.2422324510932106
news7_20260622,news7,chapter_llama,topic_count_error,standard,,2.0
news7_20260622,news7,chapter_llama,segment_precision,standard,0.1,0.8181818181818182
news7_20260622,news7,chapter_llama,segment_recall,standard,0.1,1.0
news7_20260622,news7,chapter_llama,segment_f1,standard,0.1,0.9
news7_20260622,news7,chapter_llama,matched_iou,standard,0.1,0.7530343510429193
news7_20260622,news7,chapter_llama,segment_precision,standard,0.3,0.7272727272727273
news7_20260622,news7,chapter_llama,segment_recall,standard,0.3,0.8888888888888888
news7_20260622,news7,chapter_llama,segment_f1,standard,0.3,0.7999999999999999
news7_20260622,news7,chapter_llama,matched_iou,standard,0.3,0.8127995144885016
news7_20260622,news7,chapter_llama,segment_precision,standard,0.5,0.5454545454545454
news7_20260622,news7,chapter_llama,segment_recall,standard,0.5,0.6666666666666666
news7_20260622,news7,chapter_llama,segment_f1,standard,0.5,0.6
news7_20260622,news7,chapter_llama,matched_iou,standard,0.5,0.9404800493922686
news7_20260622,news7,chapter_llama,segment_precision,editorial_masked,0.1,0.8181818181818182
news7_20260622,news7,chapter_llama,segment_recall,editorial_masked,0.1,1.0
news7_20260622,news7,chapter_llama,segment_f1,editorial_masked,0.1,0.9
news7_20260622,news7,chapter_llama,matched_iou,editorial_masked,0.1,0.7777593028384295
news7_20260622,news7,chapter_llama,segment_precision,editorial_masked,0.3,0.7272727272727273
news7_20260622,news7,chapter_llama,segment_recall,editorial_masked,0.3,0.8888888888888888
news7_20260622,news7,chapter_llama,segment_f1,editorial_masked,0.3,0.7999999999999999
news7_20260622,news7,chapter_llama,matched_iou,editorial_masked,0.3,0.8406150852584505
news7_20260622,news7,chapter_llama,segment_precision,editorial_masked,0.5,0.5454545454545454
news7_20260622,news7,chapter_llama,segment_recall,editorial_masked,0.5,0.6666666666666666
news7_20260622,news7,chapter_llama,segment_f1,editorial_masked,0.5,0.6
news7_20260622,news7,chapter_llama,matched_iou,editorial_masked,0.5,0.9775674770855339
news7_20260622,news7,chapter_llama_captions_asr,boundary_f1,standard,5.0,0.6153846153846154
news7_20260622,news7,chapter_llama_captions_asr,internal_boundary_f1,standard,5.0,0.608695652173913
news7_20260622,news7,chapter_llama_captions_asr,boundary_f1,standard,30.0,0.7692307692307693
news7_20260622,news7,chapter_llama_captions_asr,internal_boundary_f1,standard,30.0,0.7272727272727273
news7_20260622,news7,chapter_llama_captions_asr,pk,standard,,0.22266973532796316
news7_20260622,news7,chapter_llama_captions_asr,window_diff,standard,,0.24626006904487918
news7_20260622,news7,chapter_llama_captions_asr,topic_count_error,standard,,6.0
news7_20260622,news7,chapter_llama_captions_asr,segment_precision,standard,0.1,0.6
news7_20260622,news7,chapter_llama_captions_asr,segment_recall,standard,0.1,1.0
news7_20260622,news7,chapter_llama_captions_asr,segment_f1,standard,0.1,0.7499999999999999
news7_20260622,news7,chapter_llama_captions_asr,matched_iou,standard,0.1,0.8332622071348781
news7_20260622,news7,chapter_llama_captions_asr,segment_precision,standard,0.3,0.6
news7_20260622,news7,chapter_llama_captions_asr,segment_recall,standard,0.3,1.0
news7_20260622,news7,chapter_llama_captions_asr,segment_f1,standard,0.3,0.7499999999999999
news7_20260622,news7,chapter_llama_captions_asr,matched_iou,standard,0.3,0.8332622071348781
news7_20260622,news7,chapter_llama_captions_asr,segment_precision,standard,0.5,0.5333333333333333
news7_20260622,news7,chapter_llama_captions_asr,segment_recall,standard,0.5,0.8888888888888888
news7_20260622,news7,chapter_llama_captions_asr,segment_f1,standard,0.5,0.6666666666666667
news7_20260622,news7,chapter_llama_captions_asr,matched_iou,standard,0.5,0.8790517426563558
news7_20260622,news7,chapter_llama_captions_asr,segment_precision,editorial_masked,0.1,0.6
news7_20260622,news7,chapter_llama_captions_asr,segment_recall,editorial_masked,0.1,1.0
news7_20260622,news7,chapter_llama_captions_asr,segment_f1,editorial_masked,0.1,0.7499999999999999
news7_20260622,news7,chapter_llama_captions_asr,matched_iou,editorial_masked,0.1,0.8472806087997875
news7_20260622,news7,chapter_llama_captions_asr,segment_precision,editorial_masked,0.3,0.6
news7_20260622,news7,chapter_llama_captions_asr,segment_recall,editorial_masked,0.3,1.0
news7_20260622,news7,chapter_llama_captions_asr,segment_f1,editorial_masked,0.3,0.7499999999999999
news7_20260622,news7,chapter_llama_captions_asr,matched_iou,editorial_masked,0.3,0.8472806087997875
news7_20260622,news7,chapter_llama_captions_asr,segment_precision,editorial_masked,0.5,0.5333333333333333
news7_20260622,news7,chapter_llama_captions_asr,segment_recall,editorial_masked,0.5,0.8888888888888888
news7_20260622,news7,chapter_llama_captions_asr,segment_f1,editorial_masked,0.5,0.6666666666666667
news7_20260622,news7,chapter_llama_captions_asr,matched_iou,editorial_masked,0.5,0.8948224445293786
news7_20260627,news7,full,boundary_f1,standard,5.0,0.6666666666666665
news7_20260627,news7,full,internal_boundary_f1,standard,5.0,0.5714285714285714
news7_20260627,news7,full,boundary_f1,standard,30.0,0.7777777777777778
news7_20260627,news7,full,internal_boundary_f1,standard,30.0,0.7142857142857143
news7_20260627,news7,full,pk,standard,,0.09495896834701055
news7_20260627,news7,full,window_diff,standard,,0.23856975381008205
news7_20260627,news7,full,topic_count_error,standard,,2.0
news7_20260627,news7,full,segment_precision,standard,0.1,0.75
news7_20260627,news7,full,segment_recall,standard,0.1,1.0
news7_20260627,news7,full,segment_f1,standard,0.1,0.8571428571428571
news7_20260627,news7,full,matched_iou,standard,0.1,0.9021055215661974
news7_20260627,news7,full,segment_precision,standard,0.3,0.75
news7_20260627,news7,full,segment_recall,standard,0.3,1.0
news7_20260627,news7,full,segment_f1,standard,0.3,0.8571428571428571
news7_20260627,news7,full,matched_iou,standard,0.3,0.9021055215661974
news7_20260627,news7,full,segment_precision,standard,0.5,0.75
news7_20260627,news7,full,segment_recall,standard,0.5,1.0
news7_20260627,news7,full,segment_f1,standard,0.5,0.8571428571428571
news7_20260627,news7,full,matched_iou,standard,0.5,0.9021055215661974
news7_20260627,news7,full,segment_precision,editorial_masked,0.1,0.75
news7_20260627,news7,full,segment_recall,editorial_masked,0.1,1.0
news7_20260627,news7,full,segment_f1,editorial_masked,0.1,0.8571428571428571
news7_20260627,news7,full,matched_iou,editorial_masked,0.1,0.9024886369011194
news7_20260627,news7,full,segment_precision,editorial_masked,0.3,0.75
news7_20260627,news7,full,segment_recall,editorial_masked,0.3,1.0
news7_20260627,news7,full,segment_f1,editorial_masked,0.3,0.8571428571428571
news7_20260627,news7,full,matched_iou,editorial_masked,0.3,0.9024886369011194
news7_20260627,news7,full,segment_precision,editorial_masked,0.5,0.75
news7_20260627,news7,full,segment_recall,editorial_masked,0.5,1.0
news7_20260627,news7,full,segment_f1,editorial_masked,0.5,0.8571428571428571
news7_20260627,news7,full,matched_iou,editorial_masked,0.5,0.9024886369011194
news7_20260627,news7,chapter_llama,boundary_f1,standard,5.0,0.16393442622950818
news7_20260627,news7,chapter_llama,internal_boundary_f1,standard,5.0,0.13793103448275862
news7_20260627,news7,chapter_llama,boundary_f1,standard,30.0,0.22950819672131148
news7_20260627,news7,chapter_llama,internal_boundary_f1,standard,30.0,0.17543859649122806
news7_20260627,news7,chapter_llama,pk,standard,,0.6483001172332943
news7_20260627,news7,chapter_llama,window_diff,standard,,1.0
news7_20260627,news7,chapter_llama,topic_count_error,standard,,47.0
news7_20260627,news7,chapter_llama,segment_precision,standard,0.1,0.11320754716981132
news7_20260627,news7,chapter_llama,segment_recall,standard,0.1,1.0
news7_20260627,news7,chapter_llama,segment_f1,standard,0.1,0.2033898305084746
news7_20260627,news7,chapter_llama,matched_iou,standard,0.1,0.24209630288962047
news7_20260627,news7,chapter_llama,segment_precision,standard,0.3,0.03773584905660377
news7_20260627,news7,chapter_llama,segment_recall,standard,0.3,0.3333333333333333
news7_20260627,news7,chapter_llama,segment_f1,standard,0.3,0.06779661016949153
news7_20260627,news7,chapter_llama,matched_iou,standard,0.3,0.3754844161187702
news7_20260627,news7,chapter_llama,segment_precision,standard,0.5,0.0
news7_20260627,news7,chapter_llama,segment_recall,standard,0.5,0.0
news7_20260627,news7,chapter_llama,segment_f1,standard,0.5,0.0
news7_20260627,news7,chapter_llama,matched_iou,standard,0.5,0.0
news7_20260627,news7,chapter_llama,segment_precision,editorial_masked,0.1,0.11320754716981132
news7_20260627,news7,chapter_llama,segment_recall,editorial_masked,0.1,1.0
news7_20260627,news7,chapter_llama,segment_f1,editorial_masked,0.1,0.2033898305084746
news7_20260627,news7,chapter_llama,matched_iou,editorial_masked,0.1,0.24209630288962047
news7_20260627,news7,chapter_llama,segment_precision,editorial_masked,0.3,0.03773584905660377
news7_20260627,news7,chapter_llama,segment_recall,editorial_masked,0.3,0.3333333333333333
news7_20260627,news7,chapter_llama,segment_f1,editorial_masked,0.3,0.06779661016949153
news7_20260627,news7,chapter_llama,matched_iou,editorial_masked,0.3,0.3754844161187702
news7_20260627,news7,chapter_llama,segment_precision,editorial_masked,0.5,0.0
news7_20260627,news7,chapter_llama,segment_recall,editorial_masked,0.5,0.0
news7_20260627,news7,chapter_llama,segment_f1,editorial_masked,0.5,0.0
news7_20260627,news7,chapter_llama,matched_iou,editorial_masked,0.5,0.0
news7_20260627,news7,chapter_llama_captions_asr,boundary_f1,standard,5.0,0.3
news7_20260627,news7,chapter_llama_captions_asr,internal_boundary_f1,standard,5.0,0.33333333333333337
news7_20260627,news7,chapter_llama_captions_asr,boundary_f1,standard,30.0,0.6
news7_20260627,news7,chapter_llama_captions_asr,internal_boundary_f1,standard,30.0,0.5000000000000001
news7_20260627,news7,chapter_llama_captions_asr,pk,standard,,0.3130128956623681
news7_20260627,news7,chapter_llama_captions_asr,window_diff,standard,,0.3493552168815944
news7_20260627,news7,chapter_llama_captions_asr,topic_count_error,standard,,6.0
news7_20260627,news7,chapter_llama_captions_asr,segment_precision,standard,0.1,0.5
news7_20260627,news7,chapter_llama_captions_asr,segment_recall,standard,0.1,1.0
news7_20260627,news7,chapter_llama_captions_asr,segment_f1,standard,0.1,0.6666666666666666
news7_20260627,news7,chapter_llama_captions_asr,matched_iou,standard,0.1,0.7495519919568938
news7_20260627,news7,chapter_llama_captions_asr,segment_precision,standard,0.3,0.5
news7_20260627,news7,chapter_llama_captions_asr,segment_recall,standard,0.3,1.0
news7_20260627,news7,chapter_llama_captions_asr,segment_f1,standard,0.3,0.6666666666666666
news7_20260627,news7,chapter_llama_captions_asr,matched_iou,standard,0.3,0.7495519919568938
news7_20260627,news7,chapter_llama_captions_asr,segment_precision,standard,0.5,0.5
news7_20260627,news7,chapter_llama_captions_asr,segment_recall,standard,0.5,1.0
news7_20260627,news7,chapter_llama_captions_asr,segment_f1,standard,0.5,0.6666666666666666
news7_20260627,news7,chapter_llama_captions_asr,matched_iou,standard,0.5,0.7495519919568938
news7_20260627,news7,chapter_llama_captions_asr,segment_precision,editorial_masked,0.1,0.5
news7_20260627,news7,chapter_llama_captions_asr,segment_recall,editorial_masked,0.1,1.0
news7_20260627,news7,chapter_llama_captions_asr,segment_f1,editorial_masked,0.1,0.6666666666666666
news7_20260627,news7,chapter_llama_captions_asr,matched_iou,editorial_masked,0.1,0.7521720840216538
news7_20260627,news7,chapter_llama_captions_asr,segment_precision,editorial_masked,0.3,0.5
news7_20260627,news7,chapter_llama_captions_asr,segment_recall,editorial_masked,0.3,1.0
news7_20260627,news7,chapter_llama_captions_asr,segment_f1,editorial_masked,0.3,0.6666666666666666
news7_20260627,news7,chapter_llama_captions_asr,matched_iou,editorial_masked,0.3,0.7521720840216538
news7_20260627,news7,chapter_llama_captions_asr,segment_precision,editorial_masked,0.5,0.5
news7_20260627,news7,chapter_llama_captions_asr,segment_recall,editorial_masked,0.5,1.0
news7_20260627,news7,chapter_llama_captions_asr,segment_f1,editorial_masked,0.5,0.6666666666666666
news7_20260627,news7,chapter_llama_captions_asr,matched_iou,editorial_masked,0.5,0.7521720840216538
wbs_20260507,wbs,full,boundary_f1,standard,5.0,0.6086956521739131
wbs_20260507,wbs,full,internal_boundary_f1,standard,5.0,0.6046511627906977
wbs_20260507,wbs,full,boundary_f1,standard,30.0,0.8260869565217391
wbs_20260507,wbs,full,internal_boundary_f1,standard,30.0,0.8372093023255814
wbs_20260507,wbs,full,pk,standard,,0.08629737609329446
wbs_20260507,wbs,full,window_diff,standard,,0.1629737609329446
wbs_20260507,wbs,full,topic_count_error,standard,,0.0
wbs_20260507,wbs,full,segment_precision,standard,0.1,1.0
wbs_20260507,wbs,full,segment_recall,standard,0.1,1.0
wbs_20260507,wbs,full,segment_f1,standard,0.1,1.0
wbs_20260507,wbs,full,matched_iou,standard,0.1,0.7084155180757996
wbs_20260507,wbs,full,segment_precision,standard,0.3,0.8823529411764706
wbs_20260507,wbs,full,segment_recall,standard,0.3,0.8823529411764706
wbs_20260507,wbs,full,segment_f1,standard,0.3,0.8823529411764706
wbs_20260507,wbs,full,matched_iou,standard,0.3,0.7785355629068924
wbs_20260507,wbs,full,segment_precision,standard,0.5,0.8235294117647058
wbs_20260507,wbs,full,segment_recall,standard,0.5,0.8235294117647058
wbs_20260507,wbs,full,segment_f1,standard,0.5,0.8235294117647058
wbs_20260507,wbs,full,matched_iou,standard,0.5,0.8043873387792437
wbs_20260507,wbs,full,segment_precision,editorial_masked,0.1,1.0
wbs_20260507,wbs,full,segment_recall,editorial_masked,0.1,1.0
wbs_20260507,wbs,full,segment_f1,editorial_masked,0.1,1.0
wbs_20260507,wbs,full,matched_iou,editorial_masked,0.1,0.797425497337778
wbs_20260507,wbs,full,segment_precision,editorial_masked,0.3,0.8823529411764706
wbs_20260507,wbs,full,segment_recall,editorial_masked,0.3,0.8823529411764706
wbs_20260507,wbs,full,segment_f1,editorial_masked,0.3,0.8823529411764706
wbs_20260507,wbs,full,matched_iou,editorial_masked,0.3,0.8688835969325452
wbs_20260507,wbs,full,segment_precision,editorial_masked,0.5,0.8235294117647058
wbs_20260507,wbs,full,segment_recall,editorial_masked,0.5,0.8235294117647058
wbs_20260507,wbs,full,segment_f1,editorial_masked,0.5,0.8235294117647058
wbs_20260507,wbs,full,matched_iou,editorial_masked,0.5,0.8976521408229325
wbs_20260507,wbs,chapter_llama,boundary_f1,standard,5.0,0.3157894736842105
wbs_20260507,wbs,chapter_llama,internal_boundary_f1,standard,5.0,0.2857142857142857
wbs_20260507,wbs,chapter_llama,boundary_f1,standard,30.0,0.4736842105263159
wbs_20260507,wbs,chapter_llama,internal_boundary_f1,standard,30.0,0.4571428571428572
wbs_20260507,wbs,chapter_llama,pk,standard,,0.2932944606413994
wbs_20260507,wbs,chapter_llama,window_diff,standard,,0.3174927113702624
wbs_20260507,wbs,chapter_llama,topic_count_error,standard,,4.0
wbs_20260507,wbs,chapter_llama,segment_precision,standard,0.1,0.6153846153846154
wbs_20260507,wbs,chapter_llama,segment_recall,standard,0.1,0.47058823529411764
wbs_20260507,wbs,chapter_llama,segment_f1,standard,0.1,0.5333333333333333
wbs_20260507,wbs,chapter_llama,matched_iou,standard,0.1,0.5748852808790831
wbs_20260507,wbs,chapter_llama,segment_precision,standard,0.3,0.46153846153846156
wbs_20260507,wbs,chapter_llama,segment_recall,standard,0.3,0.35294117647058826
wbs_20260507,wbs,chapter_llama,segment_f1,standard,0.3,0.4000000000000001
wbs_20260507,wbs,chapter_llama,matched_iou,standard,0.3,0.6834097432197711
wbs_20260507,wbs,chapter_llama,segment_precision,standard,0.5,0.3076923076923077
wbs_20260507,wbs,chapter_llama,segment_recall,standard,0.5,0.23529411764705882
wbs_20260507,wbs,chapter_llama,segment_f1,standard,0.5,0.26666666666666666
wbs_20260507,wbs,chapter_llama,matched_iou,standard,0.5,0.8213583780992956
wbs_20260507,wbs,chapter_llama,segment_precision,editorial_masked,0.1,0.6666666666666666
wbs_20260507,wbs,chapter_llama,segment_recall,editorial_masked,0.1,0.47058823529411764
wbs_20260507,wbs,chapter_llama,segment_f1,editorial_masked,0.1,0.5517241379310345
wbs_20260507,wbs,chapter_llama,matched_iou,editorial_masked,0.1,0.7471663863142777
wbs_20260507,wbs,chapter_llama,segment_precision,editorial_masked,0.3,0.6666666666666666
wbs_20260507,wbs,chapter_llama,segment_recall,editorial_masked,0.3,0.47058823529411764
wbs_20260507,wbs,chapter_llama,segment_f1,editorial_masked,0.3,0.5517241379310345
wbs_20260507,wbs,chapter_llama,matched_iou,editorial_masked,0.3,0.7471663863142777
wbs_20260507,wbs,chapter_llama,segment_precision,editorial_masked,0.5,0.5833333333333334
wbs_20260507,wbs,chapter_llama,segment_recall,editorial_masked,0.5,0.4117647058823529
wbs_20260507,wbs,chapter_llama,segment_f1,editorial_masked,0.5,0.4827586206896552
wbs_20260507,wbs,chapter_llama,matched_iou,editorial_masked,0.5,0.7992352692161454
wbs_20260507,wbs,chapter_llama_captions_asr,boundary_f1,standard,5.0,0.4444444444444445
wbs_20260507,wbs,chapter_llama_captions_asr,internal_boundary_f1,standard,5.0,0.4285714285714286
wbs_20260507,wbs,chapter_llama_captions_asr,boundary_f1,standard,30.0,0.6666666666666666
wbs_20260507,wbs,chapter_llama_captions_asr,internal_boundary_f1,standard,30.0,0.6666666666666666
wbs_20260507,wbs,chapter_llama_captions_asr,pk,standard,,0.21224489795918366
wbs_20260507,wbs,chapter_llama_captions_asr,window_diff,standard,,0.2664723032069971
wbs_20260507,wbs,chapter_llama_captions_asr,topic_count_error,standard,,3.0
wbs_20260507,wbs,chapter_llama_captions_asr,segment_precision,standard,0.1,0.65
wbs_20260507,wbs,chapter_llama_captions_asr,segment_recall,standard,0.1,0.7647058823529411
wbs_20260507,wbs,chapter_llama_captions_asr,segment_f1,standard,0.1,0.7027027027027027
wbs_20260507,wbs,chapter_llama_captions_asr,matched_iou,standard,0.1,0.7441968432047686
wbs_20260507,wbs,chapter_llama_captions_asr,segment_precision,standard,0.3,0.6
wbs_20260507,wbs,chapter_llama_captions_asr,segment_recall,standard,0.3,0.7058823529411765
wbs_20260507,wbs,chapter_llama_captions_asr,segment_f1,standard,0.3,0.6486486486486486
wbs_20260507,wbs,chapter_llama_captions_asr,matched_iou,standard,0.3,0.7812912742708339
wbs_20260507,wbs,chapter_llama_captions_asr,segment_precision,standard,0.5,0.6
wbs_20260507,wbs,chapter_llama_captions_asr,segment_recall,standard,0.5,0.7058823529411765
wbs_20260507,wbs,chapter_llama_captions_asr,segment_f1,standard,0.5,0.6486486486486486
wbs_20260507,wbs,chapter_llama_captions_asr,matched_iou,standard,0.5,0.7812912742708339
wbs_20260507,wbs,chapter_llama_captions_asr,segment_precision,editorial_masked,0.1,0.8666666666666667
wbs_20260507,wbs,chapter_llama_captions_asr,segment_recall,editorial_masked,0.1,0.7647058823529411
wbs_20260507,wbs,chapter_llama_captions_asr,segment_f1,editorial_masked,0.1,0.8125
wbs_20260507,wbs,chapter_llama_captions_asr,matched_iou,editorial_masked,0.1,0.8523876752017495
wbs_20260507,wbs,chapter_llama_captions_asr,segment_precision,editorial_masked,0.3,0.8666666666666667
wbs_20260507,wbs,chapter_llama_captions_asr,segment_recall,editorial_masked,0.3,0.7647058823529411
wbs_20260507,wbs,chapter_llama_captions_asr,segment_f1,editorial_masked,0.3,0.8125
wbs_20260507,wbs,chapter_llama_captions_asr,matched_iou,editorial_masked,0.3,0.8523876752017495
wbs_20260507,wbs,chapter_llama_captions_asr,segment_precision,editorial_masked,0.5,0.8666666666666667
wbs_20260507,wbs,chapter_llama_captions_asr,segment_recall,editorial_masked,0.5,0.7647058823529411
wbs_20260507,wbs,chapter_llama_captions_asr,segment_f1,editorial_masked,0.5,0.8125
wbs_20260507,wbs,chapter_llama_captions_asr,matched_iou,editorial_masked,0.5,0.8523876752017495
wbs_20260514,wbs,full,boundary_f1,standard,5.0,0.6274509803921569
wbs_20260514,wbs,full,internal_boundary_f1,standard,5.0,0.625
wbs_20260514,wbs,full,boundary_f1,standard,30.0,0.8235294117647058
wbs_20260514,wbs,full,internal_boundary_f1,standard,30.0,0.8085106382978724
wbs_20260514,wbs,full,pk,standard,,0.0919674039580908
wbs_20260514,wbs,full,window_diff,standard,,0.16938300349243307
wbs_20260514,wbs,full,topic_count_error,standard,,1.0
wbs_20260514,wbs,full,segment_precision,standard,0.1,0.9
wbs_20260514,wbs,full,segment_recall,standard,0.1,0.9473684210526315
wbs_20260514,wbs,full,segment_f1,standard,0.1,0.9230769230769231
wbs_20260514,wbs,full,matched_iou,standard,0.1,0.7875006335131587
wbs_20260514,wbs,full,segment_precision,standard,0.3,0.9
wbs_20260514,wbs,full,segment_recall,standard,0.3,0.9473684210526315
wbs_20260514,wbs,full,segment_f1,standard,0.3,0.9230769230769231
wbs_20260514,wbs,full,matched_iou,standard,0.3,0.7875006335131587
wbs_20260514,wbs,full,segment_precision,standard,0.5,0.8
wbs_20260514,wbs,full,segment_recall,standard,0.5,0.8421052631578947
wbs_20260514,wbs,full,segment_f1,standard,0.5,0.8205128205128205
wbs_20260514,wbs,full,matched_iou,standard,0.5,0.8329401054050991
wbs_20260514,wbs,full,segment_precision,editorial_masked,0.1,0.9
wbs_20260514,wbs,full,segment_recall,editorial_masked,0.1,0.9473684210526315
wbs_20260514,wbs,full,segment_f1,editorial_masked,0.1,0.9230769230769231
wbs_20260514,wbs,full,matched_iou,editorial_masked,0.1,0.8505077644327614
wbs_20260514,wbs,full,segment_precision,editorial_masked,0.3,0.9
wbs_20260514,wbs,full,segment_recall,editorial_masked,0.3,0.9473684210526315
wbs_20260514,wbs,full,segment_f1,editorial_masked,0.3,0.9230769230769231
wbs_20260514,wbs,full,matched_iou,editorial_masked,0.3,0.8505077644327614
wbs_20260514,wbs,full,segment_precision,editorial_masked,0.5,0.85
wbs_20260514,wbs,full,segment_recall,editorial_masked,0.5,0.8947368421052632
wbs_20260514,wbs,full,segment_f1,editorial_masked,0.5,0.8717948717948718
wbs_20260514,wbs,full,matched_iou,editorial_masked,0.5,0.8759953656907854
wbs_20260514,wbs,chapter_llama,boundary_f1,standard,5.0,0.48
wbs_20260514,wbs,chapter_llama,internal_boundary_f1,standard,5.0,0.4742268041237113
wbs_20260514,wbs,chapter_llama,boundary_f1,standard,30.0,0.52
wbs_20260514,wbs,chapter_llama,internal_boundary_f1,standard,30.0,0.5
wbs_20260514,wbs,chapter_llama,pk,standard,,0.4470314318975553
wbs_20260514,wbs,chapter_llama,window_diff,standard,,0.5922584400465658
wbs_20260514,wbs,chapter_llama,topic_count_error,standard,,54.0
wbs_20260514,wbs,chapter_llama,segment_precision,standard,0.1,0.2602739726027397
wbs_20260514,wbs,chapter_llama,segment_recall,standard,0.1,1.0
wbs_20260514,wbs,chapter_llama,segment_f1,standard,0.1,0.41304347826086957
wbs_20260514,wbs,chapter_llama,matched_iou,standard,0.1,0.7464884003418014
wbs_20260514,wbs,chapter_llama,segment_precision,standard,0.3,0.2328767123287671
wbs_20260514,wbs,chapter_llama,segment_recall,standard,0.3,0.8947368421052632
wbs_20260514,wbs,chapter_llama,segment_f1,standard,0.3,0.3695652173913043
wbs_20260514,wbs,chapter_llama,matched_iou,standard,0.3,0.8132122027189752
wbs_20260514,wbs,chapter_llama,segment_precision,standard,0.5,0.2054794520547945
wbs_20260514,wbs,chapter_llama,segment_recall,standard,0.5,0.7894736842105263
wbs_20260514,wbs,chapter_llama,segment_f1,standard,0.5,0.32608695652173914
wbs_20260514,wbs,chapter_llama,matched_iou,standard,0.5,0.8685050427362679
wbs_20260514,wbs,chapter_llama,segment_precision,editorial_masked,0.1,0.3220338983050847
wbs_20260514,wbs,chapter_llama,segment_recall,editorial_masked,0.1,1.0
wbs_20260514,wbs,chapter_llama,segment_f1,editorial_masked,0.1,0.4871794871794871
wbs_20260514,wbs,chapter_llama,matched_iou,editorial_masked,0.1,0.7763679781257318
wbs_20260514,wbs,chapter_llama,segment_precision,editorial_masked,0.3,0.288135593220339
wbs_20260514,wbs,chapter_llama,segment_recall,editorial_masked,0.3,0.8947368421052632
wbs_20260514,wbs,chapter_llama,segment_f1,editorial_masked,0.3,0.43589743589743596
wbs_20260514,wbs,chapter_llama,matched_iou,editorial_masked,0.3,0.8466070249480738
wbs_20260514,wbs,chapter_llama,segment_precision,editorial_masked,0.5,0.2711864406779661
wbs_20260514,wbs,chapter_llama,segment_recall,editorial_masked,0.5,0.8421052631578947
wbs_20260514,wbs,chapter_llama,segment_f1,editorial_masked,0.5,0.41025641025641024
wbs_20260514,wbs,chapter_llama,matched_iou,editorial_masked,0.5,0.8774351676961478
wbs_20260514,wbs,chapter_llama_captions_asr,boundary_f1,standard,5.0,0.5633802816901408
wbs_20260514,wbs,chapter_llama_captions_asr,internal_boundary_f1,standard,5.0,0.5797101449275363
wbs_20260514,wbs,chapter_llama_captions_asr,boundary_f1,standard,30.0,0.676056338028169
wbs_20260514,wbs,chapter_llama_captions_asr,internal_boundary_f1,standard,30.0,0.6764705882352942
wbs_20260514,wbs,chapter_llama_captions_asr,pk,standard,,0.22147846332945284
wbs_20260514,wbs,chapter_llama_captions_asr,window_diff,standard,,0.3233410942956927
wbs_20260514,wbs,chapter_llama_captions_asr,topic_count_error,standard,,25.0
wbs_20260514,wbs,chapter_llama_captions_asr,segment_precision,standard,0.1,0.4318181818181818
wbs_20260514,wbs,chapter_llama_captions_asr,segment_recall,standard,0.1,1.0
wbs_20260514,wbs,chapter_llama_captions_asr,segment_f1,standard,0.1,0.6031746031746031
wbs_20260514,wbs,chapter_llama_captions_asr,matched_iou,standard,0.1,0.8589251021318975
wbs_20260514,wbs,chapter_llama_captions_asr,segment_precision,standard,0.3,0.4318181818181818
wbs_20260514,wbs,chapter_llama_captions_asr,segment_recall,standard,0.3,1.0
wbs_20260514,wbs,chapter_llama_captions_asr,segment_f1,standard,0.3,0.6031746031746031
wbs_20260514,wbs,chapter_llama_captions_asr,matched_iou,standard,0.3,0.8589251021318975
wbs_20260514,wbs,chapter_llama_captions_asr,segment_precision,standard,0.5,0.4318181818181818
wbs_20260514,wbs,chapter_llama_captions_asr,segment_recall,standard,0.5,1.0
wbs_20260514,wbs,chapter_llama_captions_asr,segment_f1,standard,0.5,0.6031746031746031
wbs_20260514,wbs,chapter_llama_captions_asr,matched_iou,standard,0.5,0.8589251021318975
wbs_20260514,wbs,chapter_llama_captions_asr,segment_precision,editorial_masked,0.1,0.6785714285714286
wbs_20260514,wbs,chapter_llama_captions_asr,segment_recall,editorial_masked,0.1,1.0
wbs_20260514,wbs,chapter_llama_captions_asr,segment_f1,editorial_masked,0.1,0.8085106382978724
wbs_20260514,wbs,chapter_llama_captions_asr,matched_iou,editorial_masked,0.1,0.8918884109127126
wbs_20260514,wbs,chapter_llama_captions_asr,segment_precision,editorial_masked,0.3,0.6785714285714286
wbs_20260514,wbs,chapter_llama_captions_asr,segment_recall,editorial_masked,0.3,1.0
wbs_20260514,wbs,chapter_llama_captions_asr,segment_f1,editorial_masked,0.3,0.8085106382978724
wbs_20260514,wbs,chapter_llama_captions_asr,matched_iou,editorial_masked,0.3,0.8918884109127126
wbs_20260514,wbs,chapter_llama_captions_asr,segment_precision,editorial_masked,0.5,0.6785714285714286
wbs_20260514,wbs,chapter_llama_captions_asr,segment_recall,editorial_masked,0.5,1.0
wbs_20260514,wbs,chapter_llama_captions_asr,segment_f1,editorial_masked,0.5,0.8085106382978724
wbs_20260514,wbs,chapter_llama_captions_asr,matched_iou,editorial_masked,0.5,0.8918884109127126
wbs_20260522,wbs,full,boundary_f1,standard,5.0,0.6976744186046512
wbs_20260522,wbs,full,internal_boundary_f1,standard,5.0,0.7
wbs_20260522,wbs,full,boundary_f1,standard,30.0,0.8837209302325582
wbs_20260522,wbs,full,internal_boundary_f1,standard,30.0,0.9
wbs_20260522,wbs,full,pk,standard,,0.0608187134502924
wbs_20260522,wbs,full,window_diff,standard,,0.12923976608187135
wbs_20260522,wbs,full,topic_count_error,standard,,0.0
wbs_20260522,wbs,full,segment_precision,standard,0.1,1.0
wbs_20260522,wbs,full,segment_recall,standard,0.1,1.0
wbs_20260522,wbs,full,segment_f1,standard,0.1,1.0
wbs_20260522,wbs,full,matched_iou,standard,0.1,0.8500882603183245
wbs_20260522,wbs,full,segment_precision,standard,0.3,1.0
wbs_20260522,wbs,full,segment_recall,standard,0.3,1.0
wbs_20260522,wbs,full,segment_f1,standard,0.3,1.0
wbs_20260522,wbs,full,matched_iou,standard,0.3,0.8500882603183245
wbs_20260522,wbs,full,segment_precision,standard,0.5,1.0
wbs_20260522,wbs,full,segment_recall,standard,0.5,1.0
wbs_20260522,wbs,full,segment_f1,standard,0.5,1.0
wbs_20260522,wbs,full,matched_iou,standard,0.5,0.8500882603183245
wbs_20260522,wbs,full,segment_precision,editorial_masked,0.1,1.0
wbs_20260522,wbs,full,segment_recall,editorial_masked,0.1,1.0
wbs_20260522,wbs,full,segment_f1,editorial_masked,0.1,1.0
wbs_20260522,wbs,full,matched_iou,editorial_masked,0.1,0.9439767197085398
wbs_20260522,wbs,full,segment_precision,editorial_masked,0.3,1.0
wbs_20260522,wbs,full,segment_recall,editorial_masked,0.3,1.0
wbs_20260522,wbs,full,segment_f1,editorial_masked,0.3,1.0
wbs_20260522,wbs,full,matched_iou,editorial_masked,0.3,0.9439767197085398
wbs_20260522,wbs,full,segment_precision,editorial_masked,0.5,1.0
wbs_20260522,wbs,full,segment_recall,editorial_masked,0.5,1.0
wbs_20260522,wbs,full,segment_f1,editorial_masked,0.5,1.0
wbs_20260522,wbs,full,matched_iou,editorial_masked,0.5,0.9439767197085398
wbs_20260522,wbs,chapter_llama,boundary_f1,standard,5.0,0.27586206896551724
wbs_20260522,wbs,chapter_llama,internal_boundary_f1,standard,5.0,0.2962962962962963
wbs_20260522,wbs,chapter_llama,boundary_f1,standard,30.0,0.4137931034482759
wbs_20260522,wbs,chapter_llama,internal_boundary_f1,standard,30.0,0.3846153846153846
wbs_20260522,wbs,chapter_llama,pk,standard,,0.22046783625730995
wbs_20260522,wbs,chapter_llama,window_diff,standard,,0.25029239766081873
wbs_20260522,wbs,chapter_llama,topic_count_error,standard,,8.0
wbs_20260522,wbs,chapter_llama,segment_precision,standard,0.1,0.5714285714285714
wbs_20260522,wbs,chapter_llama,segment_recall,standard,0.1,0.26666666666666666
wbs_20260522,wbs,chapter_llama,segment_f1,standard,0.1,0.36363636363636365
wbs_20260522,wbs,chapter_llama,matched_iou,standard,0.1,0.7425695601495856
wbs_20260522,wbs,chapter_llama,segment_precision,standard,0.3,0.5714285714285714
wbs_20260522,wbs,chapter_llama,segment_recall,standard,0.3,0.26666666666666666
wbs_20260522,wbs,chapter_llama,segment_f1,standard,0.3,0.36363636363636365
wbs_20260522,wbs,chapter_llama,matched_iou,standard,0.3,0.7425695601495856
wbs_20260522,wbs,chapter_llama,segment_precision,standard,0.5,0.42857142857142855
wbs_20260522,wbs,chapter_llama,segment_recall,standard,0.5,0.2
wbs_20260522,wbs,chapter_llama,segment_f1,standard,0.5,0.27272727272727276
wbs_20260522,wbs,chapter_llama,matched_iou,standard,0.5,0.8576094438910079
wbs_20260522,wbs,chapter_llama,segment_precision,editorial_masked,0.1,0.8333333333333334
wbs_20260522,wbs,chapter_llama,segment_recall,editorial_masked,0.1,0.3333333333333333
wbs_20260522,wbs,chapter_llama,segment_f1,editorial_masked,0.1,0.47619047619047616
wbs_20260522,wbs,chapter_llama,matched_iou,editorial_masked,0.1,0.7318417961124083
wbs_20260522,wbs,chapter_llama,segment_precision,editorial_masked,0.3,0.6666666666666666
wbs_20260522,wbs,chapter_llama,segment_recall,editorial_masked,0.3,0.26666666666666666
wbs_20260522,wbs,chapter_llama,segment_f1,editorial_masked,0.3,0.3809523809523809
wbs_20260522,wbs,chapter_llama,matched_iou,editorial_masked,0.3,0.8652037722600469
wbs_20260522,wbs,chapter_llama,segment_precision,editorial_masked,0.5,0.5
wbs_20260522,wbs,chapter_llama,segment_recall,editorial_masked,0.5,0.2
wbs_20260522,wbs,chapter_llama,segment_f1,editorial_masked,0.5,0.28571428571428575
wbs_20260522,wbs,chapter_llama,matched_iou,editorial_masked,0.5,0.9982068663980419
wbs_20260522,wbs,chapter_llama_captions_asr,boundary_f1,standard,5.0,0.5263157894736842
wbs_20260522,wbs,chapter_llama_captions_asr,internal_boundary_f1,standard,5.0,0.5555555555555555
wbs_20260522,wbs,chapter_llama_captions_asr,boundary_f1,standard,30.0,0.6842105263157895
wbs_20260522,wbs,chapter_llama_captions_asr,internal_boundary_f1,standard,30.0,0.6857142857142857
wbs_20260522,wbs,chapter_llama_captions_asr,pk,standard,,0.1111111111111111
wbs_20260522,wbs,chapter_llama_captions_asr,window_diff,standard,,0.1891812865497076
wbs_20260522,wbs,chapter_llama_captions_asr,topic_count_error,standard,,1.0
wbs_20260522,wbs,chapter_llama_captions_asr,segment_precision,standard,0.1,0.6875
wbs_20260522,wbs,chapter_llama_captions_asr,segment_recall,standard,0.1,0.7333333333333333
wbs_20260522,wbs,chapter_llama_captions_asr,segment_f1,standard,0.1,0.7096774193548386
wbs_20260522,wbs,chapter_llama_captions_asr,matched_iou,standard,0.1,0.7610189356397199
wbs_20260522,wbs,chapter_llama_captions_asr,segment_precision,standard,0.3,0.625
wbs_20260522,wbs,chapter_llama_captions_asr,segment_recall,standard,0.3,0.6666666666666666
wbs_20260522,wbs,chapter_llama_captions_asr,segment_f1,standard,0.3,0.6451612903225806
wbs_20260522,wbs,chapter_llama_captions_asr,matched_iou,standard,0.3,0.8150302460087981
wbs_20260522,wbs,chapter_llama_captions_asr,segment_precision,standard,0.5,0.5625
wbs_20260522,wbs,chapter_llama_captions_asr,segment_recall,standard,0.5,0.6
wbs_20260522,wbs,chapter_llama_captions_asr,segment_f1,standard,0.5,0.5806451612903225
wbs_20260522,wbs,chapter_llama_captions_asr,matched_iou,standard,0.5,0.8553368835861643
wbs_20260522,wbs,chapter_llama_captions_asr,segment_precision,editorial_masked,0.1,0.9166666666666666
wbs_20260522,wbs,chapter_llama_captions_asr,segment_recall,editorial_masked,0.1,0.7333333333333333
wbs_20260522,wbs,chapter_llama_captions_asr,segment_f1,editorial_masked,0.1,0.8148148148148148
wbs_20260522,wbs,chapter_llama_captions_asr,matched_iou,editorial_masked,0.1,0.890564669893338
wbs_20260522,wbs,chapter_llama_captions_asr,segment_precision,editorial_masked,0.3,0.9166666666666666
wbs_20260522,wbs,chapter_llama_captions_asr,segment_recall,editorial_masked,0.3,0.7333333333333333
wbs_20260522,wbs,chapter_llama_captions_asr,segment_f1,editorial_masked,0.3,0.8148148148148148
wbs_20260522,wbs,chapter_llama_captions_asr,matched_iou,editorial_masked,0.3,0.890564669893338
wbs_20260522,wbs,chapter_llama_captions_asr,segment_precision,editorial_masked,0.5,0.8333333333333334
wbs_20260522,wbs,chapter_llama_captions_asr,segment_recall,editorial_masked,0.5,0.6666666666666666
wbs_20260522,wbs,chapter_llama_captions_asr,segment_f1,editorial_masked,0.5,0.7407407407407408
wbs_20260522,wbs,chapter_llama_captions_asr,matched_iou,editorial_masked,0.5,0.9343940861014215
wbs_20260527,wbs,full,boundary_f1,standard,5.0,0.6530612244897959
wbs_20260527,wbs,full,internal_boundary_f1,standard,5.0,0.6808510638297872
wbs_20260527,wbs,full,boundary_f1,standard,30.0,0.9795918367346939
wbs_20260527,wbs,full,internal_boundary_f1,standard,30.0,0.9777777777777777
wbs_20260527,wbs,full,pk,standard,,0.04518950437317784
wbs_20260527,wbs,full,window_diff,standard,,0.08250728862973761
wbs_20260527,wbs,full,topic_count_error,standard,,1.0
wbs_20260527,wbs,full,segment_precision,standard,0.1,0.9444444444444444
wbs_20260527,wbs,full,segment_recall,standard,0.1,1.0
wbs_20260527,wbs,full,segment_f1,standard,0.1,0.9714285714285714
wbs_20260527,wbs,full,matched_iou,standard,0.1,0.8409687497194801
wbs_20260527,wbs,full,segment_precision,standard,0.3,0.9444444444444444
wbs_20260527,wbs,full,segment_recall,standard,0.3,1.0
wbs_20260527,wbs,full,segment_f1,standard,0.3,0.9714285714285714
wbs_20260527,wbs,full,matched_iou,standard,0.3,0.8409687497194801
wbs_20260527,wbs,full,segment_precision,standard,0.5,0.8888888888888888
wbs_20260527,wbs,full,segment_recall,standard,0.5,0.9411764705882353
wbs_20260527,wbs,full,segment_f1,standard,0.5,0.9142857142857143
wbs_20260527,wbs,full,matched_iou,standard,0.5,0.8678091319678941
wbs_20260527,wbs,full,segment_precision,editorial_masked,0.1,0.9444444444444444
wbs_20260527,wbs,full,segment_recall,editorial_masked,0.1,1.0
wbs_20260527,wbs,full,segment_f1,editorial_masked,0.1,0.9714285714285714
wbs_20260527,wbs,full,matched_iou,editorial_masked,0.1,0.8943067615172309
wbs_20260527,wbs,full,segment_precision,editorial_masked,0.3,0.9444444444444444
wbs_20260527,wbs,full,segment_recall,editorial_masked,0.3,1.0
wbs_20260527,wbs,full,segment_f1,editorial_masked,0.3,0.9714285714285714
wbs_20260527,wbs,full,matched_iou,editorial_masked,0.3,0.8943067615172309
wbs_20260527,wbs,full,segment_precision,editorial_masked,0.5,0.9444444444444444
wbs_20260527,wbs,full,segment_recall,editorial_masked,0.5,1.0
wbs_20260527,wbs,full,segment_f1,editorial_masked,0.5,0.9714285714285714
wbs_20260527,wbs,full,matched_iou,editorial_masked,0.5,0.8943067615172309
wbs_20260527,wbs,chapter_llama,boundary_f1,standard,5.0,0.0847457627118644
wbs_20260527,wbs,chapter_llama,internal_boundary_f1,standard,5.0,0.08620689655172413
wbs_20260527,wbs,chapter_llama,boundary_f1,standard,30.0,0.2542372881355932
wbs_20260527,wbs,chapter_llama,internal_boundary_f1,standard,30.0,0.24347826086956523
wbs_20260527,wbs,chapter_llama,pk,standard,,0.6591836734693878
wbs_20260527,wbs,chapter_llama,window_diff,standard,,0.8807580174927113
wbs_20260527,wbs,chapter_llama,topic_count_error,standard,,76.0
wbs_20260527,wbs,chapter_llama,segment_precision,standard,0.1,0.07526881720430108
wbs_20260527,wbs,chapter_llama,segment_recall,standard,0.1,0.4117647058823529
wbs_20260527,wbs,chapter_llama,segment_f1,standard,0.1,0.1272727272727273
wbs_20260527,wbs,chapter_llama,matched_iou,standard,0.1,0.4873987225940209
wbs_20260527,wbs,chapter_llama,segment_precision,standard,0.3,0.06451612903225806
wbs_20260527,wbs,chapter_llama,segment_recall,standard,0.3,0.35294117647058826
wbs_20260527,wbs,chapter_llama,segment_f1,standard,0.3,0.10909090909090909
wbs_20260527,wbs,chapter_llama,matched_iou,standard,0.3,0.5494298767450105
wbs_20260527,wbs,chapter_llama,segment_precision,standard,0.5,0.03225806451612903
wbs_20260527,wbs,chapter_llama,segment_recall,standard,0.5,0.17647058823529413
wbs_20260527,wbs,chapter_llama,segment_f1,standard,0.5,0.05454545454545454
wbs_20260527,wbs,chapter_llama,matched_iou,standard,0.5,0.6499863563806456
wbs_20260527,wbs,chapter_llama,segment_precision,editorial_masked,0.1,0.0963855421686747
wbs_20260527,wbs,chapter_llama,segment_recall,editorial_masked,0.1,0.47058823529411764
wbs_20260527,wbs,chapter_llama,segment_f1,editorial_masked,0.1,0.16
wbs_20260527,wbs,chapter_llama,matched_iou,editorial_masked,0.1,0.455063340642319
wbs_20260527,wbs,chapter_llama,segment_precision,editorial_masked,0.3,0.07228915662650602
wbs_20260527,wbs,chapter_llama,segment_recall,editorial_masked,0.3,0.35294117647058826
wbs_20260527,wbs,chapter_llama,segment_f1,editorial_masked,0.3,0.12
wbs_20260527,wbs,chapter_llama,matched_iou,editorial_masked,0.3,0.5494298767450105
wbs_20260527,wbs,chapter_llama,segment_precision,editorial_masked,0.5,0.03614457831325301
wbs_20260527,wbs,chapter_llama,segment_recall,editorial_masked,0.5,0.17647058823529413
wbs_20260527,wbs,chapter_llama,segment_f1,editorial_masked,0.5,0.06
wbs_20260527,wbs,chapter_llama,matched_iou,editorial_masked,0.5,0.6499863563806456
wbs_20260527,wbs,chapter_llama_captions_asr,boundary_f1,standard,5.0,0.4761904761904762
wbs_20260527,wbs,chapter_llama_captions_asr,internal_boundary_f1,standard,5.0,0.46153846153846156
wbs_20260527,wbs,chapter_llama_captions_asr,boundary_f1,standard,30.0,0.5238095238095238
wbs_20260527,wbs,chapter_llama_captions_asr,internal_boundary_f1,standard,30.0,0.5128205128205129
wbs_20260527,wbs,chapter_llama_captions_asr,pk,standard,,0.23236151603498542
wbs_20260527,wbs,chapter_llama_captions_asr,window_diff,standard,,0.3122448979591837
wbs_20260527,wbs,chapter_llama_captions_asr,topic_count_error,standard,,0.0
wbs_20260527,wbs,chapter_llama_captions_asr,segment_precision,standard,0.1,0.5294117647058824
wbs_20260527,wbs,chapter_llama_captions_asr,segment_recall,standard,0.1,0.5294117647058824
wbs_20260527,wbs,chapter_llama_captions_asr,segment_f1,standard,0.1,0.5294117647058824
wbs_20260527,wbs,chapter_llama_captions_asr,matched_iou,standard,0.1,0.634295113139007
wbs_20260527,wbs,chapter_llama_captions_asr,segment_precision,standard,0.3,0.47058823529411764
wbs_20260527,wbs,chapter_llama_captions_asr,segment_recall,standard,0.3,0.47058823529411764
wbs_20260527,wbs,chapter_llama_captions_asr,segment_f1,standard,0.3,0.47058823529411764
wbs_20260527,wbs,chapter_llama_captions_asr,matched_iou,standard,0.3,0.681221425358306
wbs_20260527,wbs,chapter_llama_captions_asr,segment_precision,standard,0.5,0.35294117647058826
wbs_20260527,wbs,chapter_llama_captions_asr,segment_recall,standard,0.5,0.35294117647058826
wbs_20260527,wbs,chapter_llama_captions_asr,segment_f1,standard,0.5,0.35294117647058826
wbs_20260527,wbs,chapter_llama_captions_asr,matched_iou,standard,0.5,0.7940870356279519
wbs_20260527,wbs,chapter_llama_captions_asr,segment_precision,editorial_masked,0.1,0.6428571428571429
wbs_20260527,wbs,chapter_llama_captions_asr,segment_recall,editorial_masked,0.1,0.5294117647058824
wbs_20260527,wbs,chapter_llama_captions_asr,segment_f1,editorial_masked,0.1,0.5806451612903226
wbs_20260527,wbs,chapter_llama_captions_asr,matched_iou,editorial_masked,0.1,0.740484836194911
wbs_20260527,wbs,chapter_llama_captions_asr,segment_precision,editorial_masked,0.3,0.5714285714285714
wbs_20260527,wbs,chapter_llama_captions_asr,segment_recall,editorial_masked,0.3,0.47058823529411764
wbs_20260527,wbs,chapter_llama_captions_asr,segment_f1,editorial_masked,0.3,0.5161290322580646
wbs_20260527,wbs,chapter_llama_captions_asr,matched_iou,editorial_masked,0.3,0.8002061682474745
wbs_20260527,wbs,chapter_llama_captions_asr,segment_precision,editorial_masked,0.5,0.5
wbs_20260527,wbs,chapter_llama_captions_asr,segment_recall,editorial_masked,0.5,0.4117647058823529
wbs_20260527,wbs,chapter_llama_captions_asr,segment_f1,editorial_masked,0.5,0.45161290322580644
wbs_20260527,wbs,chapter_llama_captions_asr,matched_iou,editorial_masked,0.5,0.8694419700606056
wbs_20260601,wbs,full,boundary_f1,standard,5.0,0.76
wbs_20260601,wbs,full,internal_boundary_f1,standard,5.0,0.7391304347826085
wbs_20260601,wbs,full,boundary_f1,standard,30.0,0.92
wbs_20260601,wbs,full,internal_boundary_f1,standard,30.0,0.9130434782608695
wbs_20260601,wbs,full,pk,standard,,0.02767258957180309
wbs_20260601,wbs,full,window_diff,standard,,0.08826099621322459
wbs_20260601,wbs,full,topic_count_error,standard,,1.0
wbs_20260601,wbs,full,segment_precision,standard,0.1,0.9
wbs_20260601,wbs,full,segment_recall,standard,0.1,0.9473684210526315
wbs_20260601,wbs,full,segment_f1,standard,0.1,0.9230769230769231
wbs_20260601,wbs,full,matched_iou,standard,0.1,0.8598135029270924
wbs_20260601,wbs,full,segment_precision,standard,0.3,0.9
wbs_20260601,wbs,full,segment_recall,standard,0.3,0.9473684210526315
wbs_20260601,wbs,full,segment_f1,standard,0.3,0.9230769230769231
wbs_20260601,wbs,full,matched_iou,standard,0.3,0.8598135029270924
wbs_20260601,wbs,full,segment_precision,standard,0.5,0.9
wbs_20260601,wbs,full,segment_recall,standard,0.5,0.9473684210526315
wbs_20260601,wbs,full,segment_f1,standard,0.5,0.9230769230769231
wbs_20260601,wbs,full,matched_iou,standard,0.5,0.8598135029270924
wbs_20260601,wbs,full,segment_precision,editorial_masked,0.1,0.9
wbs_20260601,wbs,full,segment_recall,editorial_masked,0.1,0.9473684210526315
wbs_20260601,wbs,full,segment_f1,editorial_masked,0.1,0.9230769230769231
wbs_20260601,wbs,full,matched_iou,editorial_masked,0.1,0.8650527000803455
wbs_20260601,wbs,full,segment_precision,editorial_masked,0.3,0.9
wbs_20260601,wbs,full,segment_recall,editorial_masked,0.3,0.9473684210526315
wbs_20260601,wbs,full,segment_f1,editorial_masked,0.3,0.9230769230769231
wbs_20260601,wbs,full,matched_iou,editorial_masked,0.3,0.8650527000803455
wbs_20260601,wbs,full,segment_precision,editorial_masked,0.5,0.9
wbs_20260601,wbs,full,segment_recall,editorial_masked,0.5,0.9473684210526315
wbs_20260601,wbs,full,segment_f1,editorial_masked,0.5,0.9230769230769231
wbs_20260601,wbs,full,matched_iou,editorial_masked,0.5,0.8650527000803455
wbs_20260601,wbs,chapter_llama,boundary_f1,standard,5.0,0.4999999999999999
wbs_20260601,wbs,chapter_llama,internal_boundary_f1,standard,5.0,0.5142857142857143
wbs_20260601,wbs,chapter_llama,boundary_f1,standard,30.0,0.5555555555555557
wbs_20260601,wbs,chapter_llama,internal_boundary_f1,standard,30.0,0.5714285714285714
wbs_20260601,wbs,chapter_llama,pk,standard,,0.23128459073696475
wbs_20260601,wbs,chapter_llama,window_diff,standard,,0.35100495193708126
wbs_20260601,wbs,chapter_llama,topic_count_error,standard,,27.0
wbs_20260601,wbs,chapter_llama,segment_precision,standard,0.1,0.391304347826087
wbs_20260601,wbs,chapter_llama,segment_recall,standard,0.1,0.9473684210526315
wbs_20260601,wbs,chapter_llama,segment_f1,standard,0.1,0.5538461538461538
wbs_20260601,wbs,chapter_llama,matched_iou,standard,0.1,0.8088709420301871
wbs_20260601,wbs,chapter_llama,segment_precision,standard,0.3,0.34782608695652173
wbs_20260601,wbs,chapter_llama,segment_recall,standard,0.3,0.8421052631578947
wbs_20260601,wbs,chapter_llama,segment_f1,standard,0.3,0.49230769230769234
wbs_20260601,wbs,chapter_llama,matched_iou,standard,0.3,0.8812669727519125
wbs_20260601,wbs,chapter_llama,segment_precision,standard,0.5,0.32608695652173914
wbs_20260601,wbs,chapter_llama,segment_recall,standard,0.5,0.7894736842105263
wbs_20260601,wbs,chapter_llama,segment_f1,standard,0.5,0.46153846153846156
wbs_20260601,wbs,chapter_llama,matched_iou,standard,0.5,0.9073602391576636
wbs_20260601,wbs,chapter_llama,segment_precision,editorial_masked,0.1,0.6206896551724138
wbs_20260601,wbs,chapter_llama,segment_recall,editorial_masked,0.1,0.9473684210526315
wbs_20260601,wbs,chapter_llama,segment_f1,editorial_masked,0.1,0.75
wbs_20260601,wbs,chapter_llama,matched_iou,editorial_masked,0.1,0.8629003562445345
wbs_20260601,wbs,chapter_llama,segment_precision,editorial_masked,0.3,0.5862068965517241
wbs_20260601,wbs,chapter_llama,segment_recall,editorial_masked,0.3,0.8947368421052632
wbs_20260601,wbs,chapter_llama,segment_f1,editorial_masked,0.3,0.7083333333333333
wbs_20260601,wbs,chapter_llama,matched_iou,editorial_masked,0.3,0.8967137487910453
wbs_20260601,wbs,chapter_llama,segment_precision,editorial_masked,0.5,0.5862068965517241
wbs_20260601,wbs,chapter_llama,segment_recall,editorial_masked,0.5,0.8947368421052632
wbs_20260601,wbs,chapter_llama,segment_f1,editorial_masked,0.5,0.7083333333333333
wbs_20260601,wbs,chapter_llama,matched_iou,editorial_masked,0.5,0.8967137487910453
wbs_20260601,wbs,chapter_llama_captions_asr,boundary_f1,standard,5.0,0.5531914893617023
wbs_20260601,wbs,chapter_llama_captions_asr,internal_boundary_f1,standard,5.0,0.5777777777777778
wbs_20260601,wbs,chapter_llama_captions_asr,boundary_f1,standard,30.0,0.7234042553191491
wbs_20260601,wbs,chapter_llama_captions_asr,internal_boundary_f1,standard,30.0,0.7272727272727272
wbs_20260601,wbs,chapter_llama_captions_asr,pk,standard,,0.1561316632682785
wbs_20260601,wbs,chapter_llama_captions_asr,window_diff,standard,,0.20914651907952228
wbs_20260601,wbs,chapter_llama_captions_asr,topic_count_error,standard,,2.0
wbs_20260601,wbs,chapter_llama_captions_asr,segment_precision,standard,0.1,0.7619047619047619
wbs_20260601,wbs,chapter_llama_captions_asr,segment_recall,standard,0.1,0.8421052631578947
wbs_20260601,wbs,chapter_llama_captions_asr,segment_f1,standard,0.1,0.8
wbs_20260601,wbs,chapter_llama_captions_asr,matched_iou,standard,0.1,0.7746602741625239
wbs_20260601,wbs,chapter_llama_captions_asr,segment_precision,standard,0.3,0.7142857142857143
wbs_20260601,wbs,chapter_llama_captions_asr,segment_recall,standard,0.3,0.7894736842105263
wbs_20260601,wbs,chapter_llama_captions_asr,segment_f1,standard,0.3,0.7500000000000001
wbs_20260601,wbs,chapter_llama_captions_asr,matched_iou,standard,0.3,0.8163972585863156
wbs_20260601,wbs,chapter_llama_captions_asr,segment_precision,standard,0.5,0.6190476190476191
wbs_20260601,wbs,chapter_llama_captions_asr,segment_recall,standard,0.5,0.6842105263157895
wbs_20260601,wbs,chapter_llama_captions_asr,segment_f1,standard,0.5,0.6500000000000001
wbs_20260601,wbs,chapter_llama_captions_asr,matched_iou,standard,0.5,0.8828234702126483
wbs_20260601,wbs,chapter_llama_captions_asr,segment_precision,editorial_masked,0.1,0.8421052631578947
wbs_20260601,wbs,chapter_llama_captions_asr,segment_recall,editorial_masked,0.1,0.8421052631578947
wbs_20260601,wbs,chapter_llama_captions_asr,segment_f1,editorial_masked,0.1,0.8421052631578947
wbs_20260601,wbs,chapter_llama_captions_asr,matched_iou,editorial_masked,0.1,0.8930378772206814
wbs_20260601,wbs,chapter_llama_captions_asr,segment_precision,editorial_masked,0.3,0.8421052631578947
wbs_20260601,wbs,chapter_llama_captions_asr,segment_recall,editorial_masked,0.3,0.8421052631578947
wbs_20260601,wbs,chapter_llama_captions_asr,segment_f1,editorial_masked,0.3,0.8421052631578947
wbs_20260601,wbs,chapter_llama_captions_asr,matched_iou,editorial_masked,0.3,0.8930378772206814
wbs_20260601,wbs,chapter_llama_captions_asr,segment_precision,editorial_masked,0.5,0.7368421052631579
wbs_20260601,wbs,chapter_llama_captions_asr,segment_recall,editorial_masked,0.5,0.7368421052631579
wbs_20260601,wbs,chapter_llama_captions_asr,segment_f1,editorial_masked,0.5,0.7368421052631579
wbs_20260601,wbs,chapter_llama_captions_asr,matched_iou,editorial_masked,0.5,0.964493163077768
wbs_20260605,wbs,full,boundary_f1,standard,5.0,0.5333333333333332
wbs_20260605,wbs,full,internal_boundary_f1,standard,5.0,0.5581395348837209
wbs_20260605,wbs,full,boundary_f1,standard,30.0,0.8444444444444444
wbs_20260605,wbs,full,internal_boundary_f1,standard,30.0,0.8292682926829269
wbs_20260605,wbs,full,pk,standard,,0.08437956204379563
wbs_20260605,wbs,full,window_diff,standard,,0.14014598540145987
wbs_20260605,wbs,full,topic_count_error,standard,,1.0
wbs_20260605,wbs,full,segment_precision,standard,0.1,0.9411764705882353
wbs_20260605,wbs,full,segment_recall,standard,0.1,1.0
wbs_20260605,wbs,full,segment_f1,standard,0.1,0.9696969696969697
wbs_20260605,wbs,full,matched_iou,standard,0.1,0.7204539112706572
wbs_20260605,wbs,full,segment_precision,standard,0.3,0.8823529411764706
wbs_20260605,wbs,full,segment_recall,standard,0.3,0.9375
wbs_20260605,wbs,full,segment_f1,standard,0.3,0.9090909090909091
wbs_20260605,wbs,full,matched_iou,standard,0.3,0.7582198661457191
wbs_20260605,wbs,full,segment_precision,standard,0.5,0.8823529411764706
wbs_20260605,wbs,full,segment_recall,standard,0.5,0.9375
wbs_20260605,wbs,full,segment_f1,standard,0.5,0.9090909090909091
wbs_20260605,wbs,full,matched_iou,standard,0.5,0.7582198661457191
wbs_20260605,wbs,full,segment_precision,editorial_masked,0.1,1.0
wbs_20260605,wbs,full,segment_recall,editorial_masked,0.1,1.0
wbs_20260605,wbs,full,segment_f1,editorial_masked,0.1,1.0
wbs_20260605,wbs,full,matched_iou,editorial_masked,0.1,0.8068835594791817
wbs_20260605,wbs,full,segment_precision,editorial_masked,0.3,0.9375
wbs_20260605,wbs,full,segment_recall,editorial_masked,0.3,0.9375
wbs_20260605,wbs,full,segment_f1,editorial_masked,0.3,0.9375
wbs_20260605,wbs,full,matched_iou,editorial_masked,0.3,0.8504114909014785
wbs_20260605,wbs,full,segment_precision,editorial_masked,0.5,0.9375
wbs_20260605,wbs,full,segment_recall,editorial_masked,0.5,0.9375
wbs_20260605,wbs,full,segment_f1,editorial_masked,0.5,0.9375
wbs_20260605,wbs,full,matched_iou,editorial_masked,0.5,0.8504114909014785
wbs_20260605,wbs,chapter_llama,boundary_f1,standard,5.0,0.25641025641025644
wbs_20260605,wbs,chapter_llama,internal_boundary_f1,standard,5.0,0.27027027027027023
wbs_20260605,wbs,chapter_llama,boundary_f1,standard,30.0,0.41025641025641024
wbs_20260605,wbs,chapter_llama,internal_boundary_f1,standard,30.0,0.38888888888888884
wbs_20260605,wbs,chapter_llama,pk,standard,,0.26423357664233577
wbs_20260605,wbs,chapter_llama,window_diff,standard,,0.32116788321167883
wbs_20260605,wbs,chapter_llama,topic_count_error,standard,,0.0
wbs_20260605,wbs,chapter_llama,segment_precision,standard,0.1,0.5625
wbs_20260605,wbs,chapter_llama,segment_recall,standard,0.1,0.5625
wbs_20260605,wbs,chapter_llama,segment_f1,standard,0.1,0.5625
wbs_20260605,wbs,chapter_llama,matched_iou,standard,0.1,0.69032698370623
wbs_20260605,wbs,chapter_llama,segment_precision,standard,0.3,0.5
wbs_20260605,wbs,chapter_llama,segment_recall,standard,0.3,0.5
wbs_20260605,wbs,chapter_llama,segment_f1,standard,0.3,0.5
wbs_20260605,wbs,chapter_llama,matched_iou,standard,0.3,0.756863290459463
wbs_20260605,wbs,chapter_llama,segment_precision,standard,0.5,0.4375
wbs_20260605,wbs,chapter_llama,segment_recall,standard,0.5,0.4375
wbs_20260605,wbs,chapter_llama,segment_f1,standard,0.5,0.4375
wbs_20260605,wbs,chapter_llama,matched_iou,standard,0.5,0.8213173647919145
wbs_20260605,wbs,chapter_llama,segment_precision,editorial_masked,0.1,1.0
wbs_20260605,wbs,chapter_llama,segment_recall,editorial_masked,0.1,0.5625
wbs_20260605,wbs,chapter_llama,segment_f1,editorial_masked,0.1,0.72
wbs_20260605,wbs,chapter_llama,matched_iou,editorial_masked,0.1,0.801246881830867
wbs_20260605,wbs,chapter_llama,segment_precision,editorial_masked,0.3,1.0
wbs_20260605,wbs,chapter_llama,segment_recall,editorial_masked,0.3,0.5625
wbs_20260605,wbs,chapter_llama,segment_f1,editorial_masked,0.3,0.72
wbs_20260605,wbs,chapter_llama,matched_iou,editorial_masked,0.3,0.801246881830867
wbs_20260605,wbs,chapter_llama,segment_precision,editorial_masked,0.5,0.7777777777777778
wbs_20260605,wbs,chapter_llama,segment_recall,editorial_masked,0.5,0.4375
wbs_20260605,wbs,chapter_llama,segment_f1,editorial_masked,0.5,0.56
wbs_20260605,wbs,chapter_llama,matched_iou,editorial_masked,0.5,0.9397596754202022
wbs_20260605,wbs,chapter_llama_captions_asr,boundary_f1,standard,5.0,0.456140350877193
wbs_20260605,wbs,chapter_llama_captions_asr,internal_boundary_f1,standard,5.0,0.4727272727272728
wbs_20260605,wbs,chapter_llama_captions_asr,boundary_f1,standard,30.0,0.5964912280701754
wbs_20260605,wbs,chapter_llama_captions_asr,internal_boundary_f1,standard,30.0,0.6181818181818183
wbs_20260605,wbs,chapter_llama_captions_asr,pk,standard,,0.26014598540145983
wbs_20260605,wbs,chapter_llama_captions_asr,window_diff,standard,,0.35036496350364965
wbs_20260605,wbs,chapter_llama_captions_asr,topic_count_error,standard,,18.0
wbs_20260605,wbs,chapter_llama_captions_asr,segment_precision,standard,0.1,0.4411764705882353
wbs_20260605,wbs,chapter_llama_captions_asr,segment_recall,standard,0.1,0.9375
wbs_20260605,wbs,chapter_llama_captions_asr,segment_f1,standard,0.1,0.6
wbs_20260605,wbs,chapter_llama_captions_asr,matched_iou,standard,0.1,0.7922222870423822
wbs_20260605,wbs,chapter_llama_captions_asr,segment_precision,standard,0.3,0.4411764705882353
wbs_20260605,wbs,chapter_llama_captions_asr,segment_recall,standard,0.3,0.9375
wbs_20260605,wbs,chapter_llama_captions_asr,segment_f1,standard,0.3,0.6
wbs_20260605,wbs,chapter_llama_captions_asr,matched_iou,standard,0.3,0.7922222870423822
wbs_20260605,wbs,chapter_llama_captions_asr,segment_precision,standard,0.5,0.4117647058823529
wbs_20260605,wbs,chapter_llama_captions_asr,segment_recall,standard,0.5,0.875
wbs_20260605,wbs,chapter_llama_captions_asr,segment_f1,standard,0.5,0.56
wbs_20260605,wbs,chapter_llama_captions_asr,matched_iou,standard,0.5,0.8150880611685979
wbs_20260605,wbs,chapter_llama_captions_asr,segment_precision,editorial_masked,0.1,0.8
wbs_20260605,wbs,chapter_llama_captions_asr,segment_recall,editorial_masked,0.1,1.0
wbs_20260605,wbs,chapter_llama_captions_asr,segment_f1,editorial_masked,0.1,0.888888888888889
wbs_20260605,wbs,chapter_llama_captions_asr,matched_iou,editorial_masked,0.1,0.831312998052813
wbs_20260605,wbs,chapter_llama_captions_asr,segment_precision,editorial_masked,0.3,0.75
wbs_20260605,wbs,chapter_llama_captions_asr,segment_recall,editorial_masked,0.3,0.9375
wbs_20260605,wbs,chapter_llama_captions_asr,segment_f1,editorial_masked,0.3,0.8333333333333334
wbs_20260605,wbs,chapter_llama_captions_asr,matched_iou,editorial_masked,0.3,0.8781428985875483
wbs_20260605,wbs,chapter_llama_captions_asr,segment_precision,editorial_masked,0.5,0.75
wbs_20260605,wbs,chapter_llama_captions_asr,segment_recall,editorial_masked,0.5,0.9375
wbs_20260605,wbs,chapter_llama_captions_asr,segment_f1,editorial_masked,0.5,0.8333333333333334
wbs_20260605,wbs,chapter_llama_captions_asr,matched_iou,editorial_masked,0.5,0.8864570881687065
wbs_20260610,wbs,full,boundary_f1,standard,5.0,0.6511627906976744
wbs_20260610,wbs,full,internal_boundary_f1,standard,5.0,0.6500000000000001
wbs_20260610,wbs,full,boundary_f1,standard,30.0,0.8837209302325583
wbs_20260610,wbs,full,internal_boundary_f1,standard,30.0,0.9
wbs_20260610,wbs,full,pk,standard,,0.10037934053107675
wbs_20260610,wbs,full,window_diff,standard,,0.13481178873650423
wbs_20260610,wbs,full,topic_count_error,standard,,0.0
wbs_20260610,wbs,full,segment_precision,standard,0.1,1.0
wbs_20260610,wbs,full,segment_recall,standard,0.1,1.0
wbs_20260610,wbs,full,segment_f1,standard,0.1,1.0
wbs_20260610,wbs,full,matched_iou,standard,0.1,0.8549105795192761
wbs_20260610,wbs,full,segment_precision,standard,0.3,1.0
wbs_20260610,wbs,full,segment_recall,standard,0.3,1.0
wbs_20260610,wbs,full,segment_f1,standard,0.3,1.0
wbs_20260610,wbs,full,matched_iou,standard,0.3,0.8549105795192761
wbs_20260610,wbs,full,segment_precision,standard,0.5,1.0
wbs_20260610,wbs,full,segment_recall,standard,0.5,1.0
wbs_20260610,wbs,full,segment_f1,standard,0.5,1.0
wbs_20260610,wbs,full,matched_iou,standard,0.5,0.8549105795192761
wbs_20260610,wbs,full,segment_precision,editorial_masked,0.1,1.0
wbs_20260610,wbs,full,segment_recall,editorial_masked,0.1,1.0
wbs_20260610,wbs,full,segment_f1,editorial_masked,0.1,1.0
wbs_20260610,wbs,full,matched_iou,editorial_masked,0.1,0.9477863341149846
wbs_20260610,wbs,full,segment_precision,editorial_masked,0.3,1.0
wbs_20260610,wbs,full,segment_recall,editorial_masked,0.3,1.0
wbs_20260610,wbs,full,segment_f1,editorial_masked,0.3,1.0
wbs_20260610,wbs,full,matched_iou,editorial_masked,0.3,0.9477863341149846
wbs_20260610,wbs,full,segment_precision,editorial_masked,0.5,1.0
wbs_20260610,wbs,full,segment_recall,editorial_masked,0.5,1.0
wbs_20260610,wbs,full,segment_f1,editorial_masked,0.5,1.0
wbs_20260610,wbs,full,matched_iou,editorial_masked,0.5,0.9477863341149846
wbs_20260610,wbs,chapter_llama,boundary_f1,standard,5.0,0.576923076923077
wbs_20260610,wbs,chapter_llama,internal_boundary_f1,standard,5.0,0.6000000000000001
wbs_20260610,wbs,chapter_llama,boundary_f1,standard,30.0,0.7307692307692308
wbs_20260610,wbs,chapter_llama,internal_boundary_f1,standard,30.0,0.7346938775510204
wbs_20260610,wbs,chapter_llama,pk,standard,,0.18879486431281003
wbs_20260610,wbs,chapter_llama,window_diff,standard,,0.2506565509191713
wbs_20260610,wbs,chapter_llama,topic_count_error,standard,,12.0
wbs_20260610,wbs,chapter_llama,segment_precision,standard,0.1,0.5714285714285714
wbs_20260610,wbs,chapter_llama,segment_recall,standard,0.1,1.0
wbs_20260610,wbs,chapter_llama,segment_f1,standard,0.1,0.7272727272727273
wbs_20260610,wbs,chapter_llama,matched_iou,standard,0.1,0.8386945995468177
wbs_20260610,wbs,chapter_llama,segment_precision,standard,0.3,0.5357142857142857
wbs_20260610,wbs,chapter_llama,segment_recall,standard,0.3,0.9375
wbs_20260610,wbs,chapter_llama,segment_f1,standard,0.3,0.6818181818181818
wbs_20260610,wbs,chapter_llama,matched_iou,standard,0.3,0.8754119206760256
wbs_20260610,wbs,chapter_llama,segment_precision,standard,0.5,0.5
wbs_20260610,wbs,chapter_llama,segment_recall,standard,0.5,0.875
wbs_20260610,wbs,chapter_llama,segment_f1,standard,0.5,0.6363636363636364
wbs_20260610,wbs,chapter_llama,matched_iou,standard,0.5,0.9069552410417908
wbs_20260610,wbs,chapter_llama,segment_precision,editorial_masked,0.1,0.8888888888888888
wbs_20260610,wbs,chapter_llama,segment_recall,editorial_masked,0.1,1.0
wbs_20260610,wbs,chapter_llama,segment_f1,editorial_masked,0.1,0.9411764705882353
wbs_20260610,wbs,chapter_llama,matched_iou,editorial_masked,0.1,0.937879890965923
wbs_20260610,wbs,chapter_llama,segment_precision,editorial_masked,0.3,0.8888888888888888
wbs_20260610,wbs,chapter_llama,segment_recall,editorial_masked,0.3,1.0
wbs_20260610,wbs,chapter_llama,segment_f1,editorial_masked,0.3,0.9411764705882353
wbs_20260610,wbs,chapter_llama,matched_iou,editorial_masked,0.3,0.937879890965923
wbs_20260610,wbs,chapter_llama,segment_precision,editorial_masked,0.5,0.8888888888888888
wbs_20260610,wbs,chapter_llama,segment_recall,editorial_masked,0.5,1.0
wbs_20260610,wbs,chapter_llama,segment_f1,editorial_masked,0.5,0.9411764705882353
wbs_20260610,wbs,chapter_llama,matched_iou,editorial_masked,0.5,0.937879890965923
wbs_20260610,wbs,chapter_llama_captions_asr,boundary_f1,standard,5.0,0.6399999999999999
wbs_20260610,wbs,chapter_llama_captions_asr,internal_boundary_f1,standard,5.0,0.6666666666666666
wbs_20260610,wbs,chapter_llama_captions_asr,boundary_f1,standard,30.0,0.7999999999999999
wbs_20260610,wbs,chapter_llama_captions_asr,internal_boundary_f1,standard,30.0,0.8085106382978723
wbs_20260610,wbs,chapter_llama_captions_asr,pk,standard,,0.1526116136562591
wbs_20260610,wbs,chapter_llama_captions_asr,window_diff,standard,,0.18937846512985118
wbs_20260610,wbs,chapter_llama_captions_asr,topic_count_error,standard,,10.0
wbs_20260610,wbs,chapter_llama_captions_asr,segment_precision,standard,0.1,0.6153846153846154
wbs_20260610,wbs,chapter_llama_captions_asr,segment_recall,standard,0.1,1.0
wbs_20260610,wbs,chapter_llama_captions_asr,segment_f1,standard,0.1,0.761904761904762
wbs_20260610,wbs,chapter_llama_captions_asr,matched_iou,standard,0.1,0.9051335913018586
wbs_20260610,wbs,chapter_llama_captions_asr,segment_precision,standard,0.3,0.6153846153846154
wbs_20260610,wbs,chapter_llama_captions_asr,segment_recall,standard,0.3,1.0
wbs_20260610,wbs,chapter_llama_captions_asr,segment_f1,standard,0.3,0.761904761904762
wbs_20260610,wbs,chapter_llama_captions_asr,matched_iou,standard,0.3,0.9051335913018586
wbs_20260610,wbs,chapter_llama_captions_asr,segment_precision,standard,0.5,0.6153846153846154
wbs_20260610,wbs,chapter_llama_captions_asr,segment_recall,standard,0.5,1.0
wbs_20260610,wbs,chapter_llama_captions_asr,segment_f1,standard,0.5,0.761904761904762
wbs_20260610,wbs,chapter_llama_captions_asr,matched_iou,standard,0.5,0.9051335913018586
wbs_20260610,wbs,chapter_llama_captions_asr,segment_precision,editorial_masked,0.1,0.8888888888888888
wbs_20260610,wbs,chapter_llama_captions_asr,segment_recall,editorial_masked,0.1,1.0
wbs_20260610,wbs,chapter_llama_captions_asr,segment_f1,editorial_masked,0.1,0.9411764705882353
wbs_20260610,wbs,chapter_llama_captions_asr,matched_iou,editorial_masked,0.1,0.9731003588933412
wbs_20260610,wbs,chapter_llama_captions_asr,segment_precision,editorial_masked,0.3,0.8888888888888888
wbs_20260610,wbs,chapter_llama_captions_asr,segment_recall,editorial_masked,0.3,1.0
wbs_20260610,wbs,chapter_llama_captions_asr,segment_f1,editorial_masked,0.3,0.9411764705882353
wbs_20260610,wbs,chapter_llama_captions_asr,matched_iou,editorial_masked,0.3,0.9731003588933412
wbs_20260610,wbs,chapter_llama_captions_asr,segment_precision,editorial_masked,0.5,0.8888888888888888
wbs_20260610,wbs,chapter_llama_captions_asr,segment_recall,editorial_masked,0.5,1.0
wbs_20260610,wbs,chapter_llama_captions_asr,segment_f1,editorial_masked,0.5,0.9411764705882353
wbs_20260610,wbs,chapter_llama_captions_asr,matched_iou,editorial_masked,0.5,0.9731003588933412
wbs_20260616,wbs,full,boundary_f1,standard,5.0,0.6122448979591836
wbs_20260616,wbs,full,internal_boundary_f1,standard,5.0,0.6382978723404256
wbs_20260616,wbs,full,boundary_f1,standard,30.0,0.8571428571428572
wbs_20260616,wbs,full,internal_boundary_f1,standard,30.0,0.8695652173913043
wbs_20260616,wbs,full,pk,standard,,0.051895043731778424
wbs_20260616,wbs,full,window_diff,standard,,0.143731778425656
wbs_20260616,wbs,full,topic_count_error,standard,,2.0
wbs_20260616,wbs,full,segment_precision,standard,0.1,0.8947368421052632
wbs_20260616,wbs,full,segment_recall,standard,0.1,1.0
wbs_20260616,wbs,full,segment_f1,standard,0.1,0.9444444444444444
wbs_20260616,wbs,full,matched_iou,standard,0.1,0.761919125770643
wbs_20260616,wbs,full,segment_precision,standard,0.3,0.8947368421052632
wbs_20260616,wbs,full,segment_recall,standard,0.3,1.0
wbs_20260616,wbs,full,segment_f1,standard,0.3,0.9444444444444444
wbs_20260616,wbs,full,matched_iou,standard,0.3,0.761919125770643
wbs_20260616,wbs,full,segment_precision,standard,0.5,0.7368421052631579
wbs_20260616,wbs,full,segment_recall,standard,0.5,0.8235294117647058
wbs_20260616,wbs,full,segment_f1,standard,0.5,0.7777777777777778
wbs_20260616,wbs,full,matched_iou,standard,0.5,0.8383919617838261
wbs_20260616,wbs,full,segment_precision,editorial_masked,0.1,0.8947368421052632
wbs_20260616,wbs,full,segment_recall,editorial_masked,0.1,1.0
wbs_20260616,wbs,full,segment_f1,editorial_masked,0.1,0.9444444444444444
wbs_20260616,wbs,full,matched_iou,editorial_masked,0.1,0.8236937220869015
wbs_20260616,wbs,full,segment_precision,editorial_masked,0.3,0.8947368421052632
wbs_20260616,wbs,full,segment_recall,editorial_masked,0.3,1.0
wbs_20260616,wbs,full,segment_f1,editorial_masked,0.3,0.9444444444444444
wbs_20260616,wbs,full,matched_iou,editorial_masked,0.3,0.8236937220869015
wbs_20260616,wbs,full,segment_precision,editorial_masked,0.5,0.7894736842105263
wbs_20260616,wbs,full,segment_recall,editorial_masked,0.5,0.8823529411764706
wbs_20260616,wbs,full,segment_f1,editorial_masked,0.5,0.8333333333333333
wbs_20260616,wbs,full,matched_iou,editorial_masked,0.5,0.881345963852754
wbs_20260616,wbs,chapter_llama,boundary_f1,standard,5.0,0.6071428571428571
wbs_20260616,wbs,chapter_llama,internal_boundary_f1,standard,5.0,0.6296296296296297
wbs_20260616,wbs,chapter_llama,boundary_f1,standard,30.0,0.6785714285714286
wbs_20260616,wbs,chapter_llama,internal_boundary_f1,standard,30.0,0.7037037037037037
wbs_20260616,wbs,chapter_llama,pk,standard,,0.16705539358600582
wbs_20260616,wbs,chapter_llama,window_diff,standard,,0.2565597667638484
wbs_20260616,wbs,chapter_llama,topic_count_error,standard,,14.0
wbs_20260616,wbs,chapter_llama,segment_precision,standard,0.1,0.5483870967741935
wbs_20260616,wbs,chapter_llama,segment_recall,standard,0.1,1.0
wbs_20260616,wbs,chapter_llama,segment_f1,standard,0.1,0.7083333333333333
wbs_20260616,wbs,chapter_llama,matched_iou,standard,0.1,0.8299120926280955
wbs_20260616,wbs,chapter_llama,segment_precision,standard,0.3,0.5161290322580645
wbs_20260616,wbs,chapter_llama,segment_recall,standard,0.3,0.9411764705882353
wbs_20260616,wbs,chapter_llama,segment_f1,standard,0.3,0.6666666666666666
wbs_20260616,wbs,chapter_llama,matched_iou,standard,0.3,0.871940698639027
wbs_20260616,wbs,chapter_llama,segment_precision,standard,0.5,0.4838709677419355
wbs_20260616,wbs,chapter_llama,segment_recall,standard,0.5,0.8823529411764706
wbs_20260616,wbs,chapter_llama,segment_f1,standard,0.5,0.625
wbs_20260616,wbs,chapter_llama,matched_iou,standard,0.5,0.9079475586434398
wbs_20260616,wbs,chapter_llama,segment_precision,editorial_masked,0.1,0.8095238095238095
wbs_20260616,wbs,chapter_llama,segment_recall,editorial_masked,0.1,1.0
wbs_20260616,wbs,chapter_llama,segment_f1,editorial_masked,0.1,0.8947368421052632
wbs_20260616,wbs,chapter_llama,matched_iou,editorial_masked,0.1,0.9359583956966924
wbs_20260616,wbs,chapter_llama,segment_precision,editorial_masked,0.3,0.8095238095238095
wbs_20260616,wbs,chapter_llama,segment_recall,editorial_masked,0.3,1.0
wbs_20260616,wbs,chapter_llama,segment_f1,editorial_masked,0.3,0.8947368421052632
wbs_20260616,wbs,chapter_llama,matched_iou,editorial_masked,0.3,0.9359583956966924
wbs_20260616,wbs,chapter_llama,segment_precision,editorial_masked,0.5,0.8095238095238095
wbs_20260616,wbs,chapter_llama,segment_recall,editorial_masked,0.5,1.0
wbs_20260616,wbs,chapter_llama,segment_f1,editorial_masked,0.5,0.8947368421052632
wbs_20260616,wbs,chapter_llama,matched_iou,editorial_masked,0.5,0.9359583956966924
wbs_20260616,wbs,chapter_llama_captions_asr,boundary_f1,standard,5.0,0.5384615384615384
wbs_20260616,wbs,chapter_llama_captions_asr,internal_boundary_f1,standard,5.0,0.56
wbs_20260616,wbs,chapter_llama_captions_asr,boundary_f1,standard,30.0,0.6923076923076924
wbs_20260616,wbs,chapter_llama_captions_asr,internal_boundary_f1,standard,30.0,0.7200000000000001
wbs_20260616,wbs,chapter_llama_captions_asr,pk,standard,,0.15568513119533528
wbs_20260616,wbs,chapter_llama_captions_asr,window_diff,standard,,0.2559766763848397
wbs_20260616,wbs,chapter_llama_captions_asr,topic_count_error,standard,,10.0
wbs_20260616,wbs,chapter_llama_captions_asr,segment_precision,standard,0.1,0.5925925925925926
wbs_20260616,wbs,chapter_llama_captions_asr,segment_recall,standard,0.1,0.9411764705882353
wbs_20260616,wbs,chapter_llama_captions_asr,segment_f1,standard,0.1,0.7272727272727272
wbs_20260616,wbs,chapter_llama_captions_asr,matched_iou,standard,0.1,0.811617101437696
wbs_20260616,wbs,chapter_llama_captions_asr,segment_precision,standard,0.3,0.5555555555555556
wbs_20260616,wbs,chapter_llama_captions_asr,segment_recall,standard,0.3,0.8823529411764706
wbs_20260616,wbs,chapter_llama_captions_asr,segment_f1,standard,0.3,0.6818181818181819
wbs_20260616,wbs,chapter_llama_captions_asr,matched_iou,standard,0.3,0.8550584467351773
wbs_20260616,wbs,chapter_llama_captions_asr,segment_precision,standard,0.5,0.5555555555555556
wbs_20260616,wbs,chapter_llama_captions_asr,segment_recall,standard,0.5,0.8823529411764706
wbs_20260616,wbs,chapter_llama_captions_asr,segment_f1,standard,0.5,0.6818181818181819
wbs_20260616,wbs,chapter_llama_captions_asr,matched_iou,standard,0.5,0.8550584467351773
wbs_20260616,wbs,chapter_llama_captions_asr,segment_precision,editorial_masked,0.1,1.0
wbs_20260616,wbs,chapter_llama_captions_asr,segment_recall,editorial_masked,0.1,0.9411764705882353
wbs_20260616,wbs,chapter_llama_captions_asr,segment_f1,editorial_masked,0.1,0.9696969696969697
wbs_20260616,wbs,chapter_llama_captions_asr,matched_iou,editorial_masked,0.1,0.9168364321640121
wbs_20260616,wbs,chapter_llama_captions_asr,segment_precision,editorial_masked,0.3,1.0
wbs_20260616,wbs,chapter_llama_captions_asr,segment_recall,editorial_masked,0.3,0.9411764705882353
wbs_20260616,wbs,chapter_llama_captions_asr,segment_f1,editorial_masked,0.3,0.9696969696969697
wbs_20260616,wbs,chapter_llama_captions_asr,matched_iou,editorial_masked,0.3,0.9168364321640121
wbs_20260616,wbs,chapter_llama_captions_asr,segment_precision,editorial_masked,0.5,1.0
wbs_20260616,wbs,chapter_llama_captions_asr,segment_recall,editorial_masked,0.5,0.9411764705882353
wbs_20260616,wbs,chapter_llama_captions_asr,segment_f1,editorial_masked,0.5,0.9696969696969697
wbs_20260616,wbs,chapter_llama_captions_asr,matched_iou,editorial_masked,0.5,0.9168364321640121
wbs_20260622,wbs,full,boundary_f1,standard,5.0,0.6818181818181819
wbs_20260622,wbs,full,internal_boundary_f1,standard,5.0,0.6829268292682926
wbs_20260622,wbs,full,boundary_f1,standard,30.0,0.9545454545454545
wbs_20260622,wbs,full,internal_boundary_f1,standard,30.0,0.9500000000000001
wbs_20260622,wbs,full,pk,standard,,0.06505250875145857
wbs_20260622,wbs,full,window_diff,standard,,0.09655775962660443
wbs_20260622,wbs,full,topic_count_error,standard,,0.0
wbs_20260622,wbs,full,segment_precision,standard,0.1,1.0
wbs_20260622,wbs,full,segment_recall,standard,0.1,1.0
wbs_20260622,wbs,full,segment_f1,standard,0.1,1.0
wbs_20260622,wbs,full,matched_iou,standard,0.1,0.8766326075303035
wbs_20260622,wbs,full,segment_precision,standard,0.3,1.0
wbs_20260622,wbs,full,segment_recall,standard,0.3,1.0
wbs_20260622,wbs,full,segment_f1,standard,0.3,1.0
wbs_20260622,wbs,full,matched_iou,standard,0.3,0.8766326075303035
wbs_20260622,wbs,full,segment_precision,standard,0.5,0.9411764705882353
wbs_20260622,wbs,full,segment_recall,standard,0.5,0.9411764705882353
wbs_20260622,wbs,full,segment_f1,standard,0.5,0.9411764705882353
wbs_20260622,wbs,full,matched_iou,standard,0.5,0.9012691465470941
wbs_20260622,wbs,full,segment_precision,editorial_masked,0.1,1.0
wbs_20260622,wbs,full,segment_recall,editorial_masked,0.1,1.0
wbs_20260622,wbs,full,segment_f1,editorial_masked,0.1,1.0
wbs_20260622,wbs,full,matched_iou,editorial_masked,0.1,0.927635942653165
wbs_20260622,wbs,full,segment_precision,editorial_masked,0.3,1.0
wbs_20260622,wbs,full,segment_recall,editorial_masked,0.3,1.0
wbs_20260622,wbs,full,segment_f1,editorial_masked,0.3,1.0
wbs_20260622,wbs,full,matched_iou,editorial_masked,0.3,0.927635942653165
wbs_20260622,wbs,full,segment_precision,editorial_masked,0.5,1.0
wbs_20260622,wbs,full,segment_recall,editorial_masked,0.5,1.0
wbs_20260622,wbs,full,segment_f1,editorial_masked,0.5,1.0
wbs_20260622,wbs,full,matched_iou,editorial_masked,0.5,0.927635942653165
wbs_20260622,wbs,chapter_llama,boundary_f1,standard,5.0,0.5660377358490566
wbs_20260622,wbs,chapter_llama,internal_boundary_f1,standard,5.0,0.56
wbs_20260622,wbs,chapter_llama,boundary_f1,standard,30.0,0.7169811320754716
wbs_20260622,wbs,chapter_llama,internal_boundary_f1,standard,30.0,0.7200000000000001
wbs_20260622,wbs,chapter_llama,pk,standard,,0.18903150525087514
wbs_20260622,wbs,chapter_llama,window_diff,standard,,0.2514585764294049
wbs_20260622,wbs,chapter_llama,topic_count_error,standard,,12.0
wbs_20260622,wbs,chapter_llama,segment_precision,standard,0.1,0.5517241379310345
wbs_20260622,wbs,chapter_llama,segment_recall,standard,0.1,0.9411764705882353
wbs_20260622,wbs,chapter_llama,segment_f1,standard,0.1,0.6956521739130435
wbs_20260622,wbs,chapter_llama,matched_iou,standard,0.1,0.7877624240150765
wbs_20260622,wbs,chapter_llama,segment_precision,standard,0.3,0.5517241379310345
wbs_20260622,wbs,chapter_llama,segment_recall,standard,0.3,0.9411764705882353
wbs_20260622,wbs,chapter_llama,segment_f1,standard,0.3,0.6956521739130435
wbs_20260622,wbs,chapter_llama,matched_iou,standard,0.3,0.7877624240150765
wbs_20260622,wbs,chapter_llama,segment_precision,standard,0.5,0.4827586206896552
wbs_20260622,wbs,chapter_llama,segment_recall,standard,0.5,0.8235294117647058
wbs_20260622,wbs,chapter_llama,segment_f1,standard,0.5,0.608695652173913
wbs_20260622,wbs,chapter_llama,matched_iou,standard,0.5,0.8358137836173665
wbs_20260622,wbs,chapter_llama,segment_precision,editorial_masked,0.1,0.6666666666666666
wbs_20260622,wbs,chapter_llama,segment_recall,editorial_masked,0.1,0.9411764705882353
wbs_20260622,wbs,chapter_llama,segment_f1,editorial_masked,0.1,0.7804878048780487
wbs_20260622,wbs,chapter_llama,matched_iou,editorial_masked,0.1,0.8391761894444291
wbs_20260622,wbs,chapter_llama,segment_precision,editorial_masked,0.3,0.6666666666666666
wbs_20260622,wbs,chapter_llama,segment_recall,editorial_masked,0.3,0.9411764705882353
wbs_20260622,wbs,chapter_llama,segment_f1,editorial_masked,0.3,0.7804878048780487
wbs_20260622,wbs,chapter_llama,matched_iou,editorial_masked,0.3,0.8391761894444291
wbs_20260622,wbs,chapter_llama,segment_precision,editorial_masked,0.5,0.5833333333333334
wbs_20260622,wbs,chapter_llama,segment_recall,editorial_masked,0.5,0.8235294117647058
wbs_20260622,wbs,chapter_llama,segment_f1,editorial_masked,0.5,0.6829268292682927
wbs_20260622,wbs,chapter_llama,matched_iou,editorial_masked,0.5,0.8942459562654014
wbs_20260622,wbs,chapter_llama_captions_asr,boundary_f1,standard,5.0,0.6363636363636365
wbs_20260622,wbs,chapter_llama_captions_asr,internal_boundary_f1,standard,5.0,0.6341463414634146
wbs_20260622,wbs,chapter_llama_captions_asr,boundary_f1,standard,30.0,0.7727272727272727
wbs_20260622,wbs,chapter_llama_captions_asr,internal_boundary_f1,standard,30.0,0.7804878048780488
wbs_20260622,wbs,chapter_llama_captions_asr,pk,standard,,0.15927654609101516
wbs_20260622,wbs,chapter_llama_captions_asr,window_diff,standard,,0.19603267211201866
wbs_20260622,wbs,chapter_llama_captions_asr,topic_count_error,standard,,3.0
wbs_20260622,wbs,chapter_llama_captions_asr,segment_precision,standard,0.1,0.8
wbs_20260622,wbs,chapter_llama_captions_asr,segment_recall,standard,0.1,0.9411764705882353
wbs_20260622,wbs,chapter_llama_captions_asr,segment_f1,standard,0.1,0.8648648648648648
wbs_20260622,wbs,chapter_llama_captions_asr,matched_iou,standard,0.1,0.7866195672525516
wbs_20260622,wbs,chapter_llama_captions_asr,segment_precision,standard,0.3,0.75
wbs_20260622,wbs,chapter_llama_captions_asr,segment_recall,standard,0.3,0.8823529411764706
wbs_20260622,wbs,chapter_llama_captions_asr,segment_f1,standard,0.3,0.8108108108108107
wbs_20260622,wbs,chapter_llama_captions_asr,matched_iou,standard,0.3,0.8245123003074835
wbs_20260622,wbs,chapter_llama_captions_asr,segment_precision,standard,0.5,0.7
wbs_20260622,wbs,chapter_llama_captions_asr,segment_recall,standard,0.5,0.8235294117647058
wbs_20260622,wbs,chapter_llama_captions_asr,segment_f1,standard,0.5,0.7567567567567567
wbs_20260622,wbs,chapter_llama_captions_asr,matched_iou,standard,0.5,0.850995162126769
wbs_20260622,wbs,chapter_llama_captions_asr,segment_precision,editorial_masked,0.1,0.8888888888888888
wbs_20260622,wbs,chapter_llama_captions_asr,segment_recall,editorial_masked,0.1,0.9411764705882353
wbs_20260622,wbs,chapter_llama_captions_asr,segment_f1,editorial_masked,0.1,0.9142857142857143
wbs_20260622,wbs,chapter_llama_captions_asr,matched_iou,editorial_masked,0.1,0.8836301175171861
wbs_20260622,wbs,chapter_llama_captions_asr,segment_precision,editorial_masked,0.3,0.8888888888888888
wbs_20260622,wbs,chapter_llama_captions_asr,segment_recall,editorial_masked,0.3,0.9411764705882353
wbs_20260622,wbs,chapter_llama_captions_asr,segment_f1,editorial_masked,0.3,0.9142857142857143
wbs_20260622,wbs,chapter_llama_captions_asr,matched_iou,editorial_masked,0.3,0.8836301175171861
wbs_20260622,wbs,chapter_llama_captions_asr,segment_precision,editorial_masked,0.5,0.8888888888888888
wbs_20260622,wbs,chapter_llama_captions_asr,segment_recall,editorial_masked,0.5,0.9411764705882353
wbs_20260622,wbs,chapter_llama_captions_asr,segment_f1,editorial_masked,0.5,0.9142857142857143
wbs_20260622,wbs,chapter_llama_captions_asr,matched_iou,editorial_masked,0.5,0.8836301175171861
wbs_20260625,wbs,full,boundary_f1,standard,5.0,0.64
wbs_20260625,wbs,full,internal_boundary_f1,standard,5.0,0.6086956521739131
wbs_20260625,wbs,full,boundary_f1,standard,30.0,0.92
wbs_20260625,wbs,full,internal_boundary_f1,standard,30.0,0.9130434782608695
wbs_20260625,wbs,full,pk,standard,,0.028546460821438975
wbs_20260625,wbs,full,window_diff,standard,,0.10719487328866881
wbs_20260625,wbs,full,topic_count_error,standard,,0.0
wbs_20260625,wbs,full,segment_precision,standard,0.1,1.0
wbs_20260625,wbs,full,segment_recall,standard,0.1,1.0
wbs_20260625,wbs,full,segment_f1,standard,0.1,1.0
wbs_20260625,wbs,full,matched_iou,standard,0.1,0.7247093426871226
wbs_20260625,wbs,full,segment_precision,standard,0.3,0.9444444444444444
wbs_20260625,wbs,full,segment_recall,standard,0.3,0.9444444444444444
wbs_20260625,wbs,full,segment_f1,standard,0.3,0.9444444444444444
wbs_20260625,wbs,full,matched_iou,standard,0.3,0.7570920396482838
wbs_20260625,wbs,full,segment_precision,standard,0.5,0.8333333333333334
wbs_20260625,wbs,full,segment_recall,standard,0.5,0.8333333333333334
wbs_20260625,wbs,full,segment_f1,standard,0.5,0.8333333333333334
wbs_20260625,wbs,full,matched_iou,standard,0.5,0.8121424169575919
wbs_20260625,wbs,full,segment_precision,editorial_masked,0.1,1.0
wbs_20260625,wbs,full,segment_recall,editorial_masked,0.1,1.0
wbs_20260625,wbs,full,segment_f1,editorial_masked,0.1,1.0
wbs_20260625,wbs,full,matched_iou,editorial_masked,0.1,0.765120299697394
wbs_20260625,wbs,full,segment_precision,editorial_masked,0.3,0.9444444444444444
wbs_20260625,wbs,full,segment_recall,editorial_masked,0.3,0.9444444444444444
wbs_20260625,wbs,full,segment_f1,editorial_masked,0.3,0.9444444444444444
wbs_20260625,wbs,full,matched_iou,editorial_masked,0.3,0.7998801117768063
wbs_20260625,wbs,full,segment_precision,editorial_masked,0.5,0.8333333333333334
wbs_20260625,wbs,full,segment_recall,editorial_masked,0.5,0.8333333333333334
wbs_20260625,wbs,full,segment_f1,editorial_masked,0.5,0.8333333333333334
wbs_20260625,wbs,full,matched_iou,editorial_masked,0.5,0.8606355653699177
wbs_20260625,wbs,chapter_llama,boundary_f1,standard,5.0,0.5121951219512195
wbs_20260625,wbs,chapter_llama,internal_boundary_f1,standard,5.0,0.525
wbs_20260625,wbs,chapter_llama,boundary_f1,standard,30.0,0.5609756097560975
wbs_20260625,wbs,chapter_llama,internal_boundary_f1,standard,30.0,0.5384615384615384
wbs_20260625,wbs,chapter_llama,pk,standard,,0.34838333818817363
wbs_20260625,wbs,chapter_llama,window_diff,standard,,0.476842411884649
wbs_20260625,wbs,chapter_llama,topic_count_error,standard,,38.0
wbs_20260625,wbs,chapter_llama,segment_precision,standard,0.1,0.30357142857142855
wbs_20260625,wbs,chapter_llama,segment_recall,standard,0.1,0.9444444444444444
wbs_20260625,wbs,chapter_llama,segment_f1,standard,0.1,0.45945945945945943
wbs_20260625,wbs,chapter_llama,matched_iou,standard,0.1,0.7861339578968791
wbs_20260625,wbs,chapter_llama,segment_precision,standard,0.3,0.2857142857142857
wbs_20260625,wbs,chapter_llama,segment_recall,standard,0.3,0.8888888888888888
wbs_20260625,wbs,chapter_llama,segment_f1,standard,0.3,0.43243243243243246
wbs_20260625,wbs,chapter_llama,matched_iou,standard,0.3,0.8230114797094056
wbs_20260625,wbs,chapter_llama,segment_precision,standard,0.5,0.23214285714285715
wbs_20260625,wbs,chapter_llama,segment_recall,standard,0.5,0.7222222222222222
wbs_20260625,wbs,chapter_llama,segment_f1,standard,0.5,0.3513513513513514
wbs_20260625,wbs,chapter_llama,matched_iou,standard,0.5,0.9120434516758044
wbs_20260625,wbs,chapter_llama,segment_precision,editorial_masked,0.1,0.5151515151515151
wbs_20260625,wbs,chapter_llama,segment_recall,editorial_masked,0.1,0.9444444444444444
wbs_20260625,wbs,chapter_llama,segment_f1,editorial_masked,0.1,0.6666666666666666
wbs_20260625,wbs,chapter_llama,matched_iou,editorial_masked,0.1,0.795638090989635
wbs_20260625,wbs,chapter_llama,segment_precision,editorial_masked,0.3,0.48484848484848486
wbs_20260625,wbs,chapter_llama,segment_recall,editorial_masked,0.3,0.8888888888888888
wbs_20260625,wbs,chapter_llama,segment_f1,editorial_masked,0.3,0.6274509803921569
wbs_20260625,wbs,chapter_llama,matched_iou,editorial_masked,0.3,0.8331096211204585
wbs_20260625,wbs,chapter_llama,segment_precision,editorial_masked,0.5,0.42424242424242425
wbs_20260625,wbs,chapter_llama,segment_recall,editorial_masked,0.5,0.7777777777777778
wbs_20260625,wbs,chapter_llama,segment_f1,editorial_masked,0.5,0.5490196078431373
wbs_20260625,wbs,chapter_llama,matched_iou,editorial_masked,0.5,0.8922182912699796
wbs_20260625,wbs,chapter_llama_captions_asr,boundary_f1,standard,5.0,0.43902439024390244
wbs_20260625,wbs,chapter_llama_captions_asr,internal_boundary_f1,standard,5.0,0.46153846153846156
wbs_20260625,wbs,chapter_llama_captions_asr,boundary_f1,standard,30.0,0.48780487804878053
wbs_20260625,wbs,chapter_llama_captions_asr,internal_boundary_f1,standard,30.0,0.5128205128205128
wbs_20260625,wbs,chapter_llama_captions_asr,pk,standard,,0.19720361200116515
wbs_20260625,wbs,chapter_llama_captions_asr,window_diff,standard,,0.27177395863676085
wbs_20260625,wbs,chapter_llama_captions_asr,topic_count_error,standard,,3.0
wbs_20260625,wbs,chapter_llama_captions_asr,segment_precision,standard,0.1,0.6
wbs_20260625,wbs,chapter_llama_captions_asr,segment_recall,standard,0.1,0.5
wbs_20260625,wbs,chapter_llama_captions_asr,segment_f1,standard,0.1,0.5454545454545454
wbs_20260625,wbs,chapter_llama_captions_asr,matched_iou,standard,0.1,0.6614714977140195
wbs_20260625,wbs,chapter_llama_captions_asr,segment_precision,standard,0.3,0.5333333333333333
wbs_20260625,wbs,chapter_llama_captions_asr,segment_recall,standard,0.3,0.4444444444444444
wbs_20260625,wbs,chapter_llama_captions_asr,segment_f1,standard,0.3,0.4848484848484848
wbs_20260625,wbs,chapter_llama_captions_asr,matched_iou,standard,0.3,0.7145726519500373
wbs_20260625,wbs,chapter_llama_captions_asr,segment_precision,standard,0.5,0.4
wbs_20260625,wbs,chapter_llama_captions_asr,segment_recall,standard,0.5,0.3333333333333333
wbs_20260625,wbs,chapter_llama_captions_asr,segment_f1,standard,0.5,0.3636363636363636
wbs_20260625,wbs,chapter_llama_captions_asr,matched_iou,standard,0.5,0.833919529275701
wbs_20260625,wbs,chapter_llama_captions_asr,segment_precision,editorial_masked,0.1,0.8181818181818182
wbs_20260625,wbs,chapter_llama_captions_asr,segment_recall,editorial_masked,0.1,0.5
wbs_20260625,wbs,chapter_llama_captions_asr,segment_f1,editorial_masked,0.1,0.6206896551724137
wbs_20260625,wbs,chapter_llama_captions_asr,matched_iou,editorial_masked,0.1,0.7761167864571662
wbs_20260625,wbs,chapter_llama_captions_asr,segment_precision,editorial_masked,0.3,0.7272727272727273
wbs_20260625,wbs,chapter_llama_captions_asr,segment_recall,editorial_masked,0.3,0.4444444444444444
wbs_20260625,wbs,chapter_llama_captions_asr,segment_f1,editorial_masked,0.3,0.5517241379310345
wbs_20260625,wbs,chapter_llama_captions_asr,matched_iou,editorial_masked,0.3,0.8435486017860774
wbs_20260625,wbs,chapter_llama_captions_asr,segment_precision,editorial_masked,0.5,0.6363636363636364
wbs_20260625,wbs,chapter_llama_captions_asr,segment_recall,editorial_masked,0.5,0.3888888888888889
wbs_20260625,wbs,chapter_llama_captions_asr,segment_f1,editorial_masked,0.5,0.4827586206896552
wbs_20260625,wbs,chapter_llama_captions_asr,matched_iou,editorial_masked,0.5,0.9169497095572448
