program_id,group,condition,boundary_id,topic_id,time_sec,direction,presentation,notes,matched_at_5,matched_at_30,error_at_5_sec,error_at_30_sec,nearest_prediction_time_sec,nearest_absolute_error_sec
news7_20260507,news7,full,b001,t001,385.039356,topic_to_topic,studio,,True,True,-1.1299999999999955,-1.1299999999999955,383.909356,1.1299999999999955
news7_20260507,news7,full,b002,t002,486.029356,topic_to_topic,studio,,True,True,-1.1200000000000045,-1.1200000000000045,484.909356,1.1200000000000045
news7_20260507,news7,full,b003,t003,951.469356,topic_to_topic,studio,,True,True,-0.5599999999999454,-0.5599999999999454,950.909356,0.5599999999999454
news7_20260507,news7,full,b004,t004,1131.9793559999998,topic_to_topic,studio,,True,True,-0.06999999999993634,-0.06999999999993634,1131.909356,0.06999999999993634
news7_20260507,news7,full,b005,t005,1339.129356,topic_to_topic,studio,,True,True,-0.22000000000002728,-0.22000000000002728,1338.909356,0.22000000000002728
news7_20260507,news7,full,b006,t006,1518.9793559999998,topic_to_topic,bumper,,False,True,,-9.25,1509.7293559999998,9.25
news7_20260507,news7,full,b007,t007,1551.7693559999998,topic_to_topic,studio,,True,True,-3.6299999999998818,-3.6299999999998818,1548.139356,3.6299999999998818
news7_20260507,news7,full,b008,t008,1652.399356,topic_to_topic,studio,,True,True,-0.4900000000000091,-0.4900000000000091,1651.909356,0.4900000000000091
news7_20260507,news7,full,b009,t009,1789.599356,topic_to_program_end,studio,,False,True,,9.950000000000045,1799.549356,9.950000000000045
news7_20260507,news7,no_vlm,b001,t001,385.039356,topic_to_topic,studio,,True,True,-1.1299999999999955,-1.1299999999999955,383.909356,1.1299999999999955
news7_20260507,news7,no_vlm,b002,t002,486.029356,topic_to_topic,studio,,True,True,-1.1200000000000045,-1.1200000000000045,484.909356,1.1200000000000045
news7_20260507,news7,no_vlm,b003,t003,951.469356,topic_to_topic,studio,,True,True,-0.5599999999999454,-0.5599999999999454,950.909356,0.5599999999999454
news7_20260507,news7,no_vlm,b004,t004,1131.9793559999998,topic_to_topic,studio,,True,True,-0.06999999999993634,-0.06999999999993634,1131.909356,0.06999999999993634
news7_20260507,news7,no_vlm,b005,t005,1339.129356,topic_to_topic,studio,,True,True,-0.22000000000002728,-0.22000000000002728,1338.909356,0.22000000000002728
news7_20260507,news7,no_vlm,b006,t006,1518.9793559999998,topic_to_topic,bumper,,False,False,,,1548.139356,29.160000000000082
news7_20260507,news7,no_vlm,b007,t007,1551.7693559999998,topic_to_topic,studio,,True,True,-3.6299999999998818,-3.6299999999998818,1548.139356,3.6299999999998818
news7_20260507,news7,no_vlm,b008,t008,1652.399356,topic_to_topic,studio,,True,True,-0.4900000000000091,-0.4900000000000091,1651.909356,0.4900000000000091
news7_20260507,news7,no_vlm,b009,t009,1789.599356,topic_to_program_end,studio,,False,True,,9.950000000000045,1799.549356,9.950000000000045
news7_20260507,news7,no_transcript,b001,t001,385.039356,topic_to_topic,studio,,False,True,,17.870000000000005,402.909356,17.870000000000005
news7_20260507,news7,no_transcript,b002,t002,486.029356,topic_to_topic,studio,,False,True,,16.879999999999995,502.909356,16.879999999999995
news7_20260507,news7,no_transcript,b003,t003,951.469356,topic_to_topic,studio,,False,True,,22.440000000000055,973.909356,22.440000000000055
news7_20260507,news7,no_transcript,b004,t004,1131.9793559999998,topic_to_topic,studio,,False,True,,19.930000000000064,1151.909356,19.930000000000064
news7_20260507,news7,no_transcript,b005,t005,1339.129356,topic_to_topic,studio,,False,True,,10.779999999999973,1349.909356,10.779999999999973
news7_20260507,news7,no_transcript,b006,t006,1518.9793559999998,topic_to_topic,bumper,,True,True,2.9300000000000637,2.9300000000000637,1521.909356,2.9300000000000637
news7_20260507,news7,no_transcript,b007,t007,1551.7693559999998,topic_to_topic,studio,,False,True,,5.1400000000001,1556.909356,5.1400000000001
news7_20260507,news7,no_transcript,b008,t008,1652.399356,topic_to_topic,studio,,False,True,,9.509999999999991,1661.909356,9.509999999999991
news7_20260507,news7,no_transcript,b009,t009,1789.599356,topic_to_program_end,studio,,True,True,1.3099999999999454,1.3099999999999454,1790.909356,1.3099999999999454
news7_20260507,news7,no_vlm_no_ocr,b001,t001,385.039356,topic_to_topic,studio,,True,True,-1.1299999999999955,-1.1299999999999955,383.909356,1.1299999999999955
news7_20260507,news7,no_vlm_no_ocr,b002,t002,486.029356,topic_to_topic,studio,,True,True,-0.4900000000000091,-0.4900000000000091,485.539356,0.4900000000000091
news7_20260507,news7,no_vlm_no_ocr,b003,t003,951.469356,topic_to_topic,studio,,True,True,-0.6299999999999955,-0.6299999999999955,950.839356,0.6299999999999955
news7_20260507,news7,no_vlm_no_ocr,b004,t004,1131.9793559999998,topic_to_topic,studio,,True,True,-0.4900000000000091,-0.4900000000000091,1131.4893559999998,0.4900000000000091
news7_20260507,news7,no_vlm_no_ocr,b005,t005,1339.129356,topic_to_topic,studio,,True,True,-0.6000000000001364,-0.6000000000001364,1338.5293559999998,0.6000000000001364
news7_20260507,news7,no_vlm_no_ocr,b006,t006,1518.9793559999998,topic_to_topic,bumper,,False,False,,,1548.139356,29.160000000000082
news7_20260507,news7,no_vlm_no_ocr,b007,t007,1551.7693559999998,topic_to_topic,studio,,True,True,-3.6299999999998818,-3.6299999999998818,1548.139356,3.6299999999998818
news7_20260507,news7,no_vlm_no_ocr,b008,t008,1652.399356,topic_to_topic,studio,,True,True,-1.8399999999999181,-1.8399999999999181,1650.559356,1.8399999999999181
news7_20260507,news7,no_vlm_no_ocr,b009,t009,1789.599356,topic_to_program_end,studio,,False,True,,9.950000000000045,1799.549356,9.950000000000045
news7_20260507,news7,no_ocr,b001,t001,385.039356,topic_to_topic,studio,,True,True,-1.1299999999999955,-1.1299999999999955,383.909356,1.1299999999999955
news7_20260507,news7,no_ocr,b002,t002,486.029356,topic_to_topic,studio,,True,True,-0.4900000000000091,-0.4900000000000091,485.539356,0.4900000000000091
news7_20260507,news7,no_ocr,b003,t003,951.469356,topic_to_topic,studio,,True,True,-0.6299999999999955,-0.6299999999999955,950.839356,0.6299999999999955
news7_20260507,news7,no_ocr,b004,t004,1131.9793559999998,topic_to_topic,studio,,True,True,-0.4900000000000091,-0.4900000000000091,1131.4893559999998,0.4900000000000091
news7_20260507,news7,no_ocr,b005,t005,1339.129356,topic_to_topic,studio,,True,True,-0.6000000000001364,-0.6000000000001364,1338.5293559999998,0.6000000000001364
news7_20260507,news7,no_ocr,b006,t006,1518.9793559999998,topic_to_topic,bumper,,False,True,,28.930000000000064,1547.909356,28.930000000000064
news7_20260507,news7,no_ocr,b007,t007,1551.7693559999998,topic_to_topic,studio,,True,True,-3.6299999999998818,-3.6299999999998818,1548.139356,3.6299999999998818
news7_20260507,news7,no_ocr,b008,t008,1652.399356,topic_to_topic,studio,,True,True,-1.8399999999999181,-1.8399999999999181,1650.559356,1.8399999999999181
news7_20260507,news7,no_ocr,b009,t009,1789.599356,topic_to_program_end,studio,,False,True,,9.950000000000045,1799.549356,9.950000000000045
news7_20260517,news7,full,b001,t001,101.414089,topic_to_topic,studio,,True,True,-0.4399999999999977,-0.4399999999999977,100.974089,0.4399999999999977
news7_20260517,news7,full,b002,t002,446.93408900000003,topic_to_topic,studio,,True,True,-0.7400000000000091,-0.7400000000000091,446.194089,0.7400000000000091
news7_20260517,news7,full,b003,t003,873.554089,topic_to_topic,studio,,True,True,-0.36000000000001364,-0.36000000000001364,873.194089,0.36000000000001364
news7_20260517,news7,full,b004,t004,903.634089,topic_to_topic,studio,,False,False,,,873.194089,30.440000000000055
news7_20260517,news7,full,b005,t005,1108.914089,topic_to_topic,studio,,True,True,-0.7200000000000273,-0.7200000000000273,1108.194089,0.7200000000000273
news7_20260517,news7,full,b006,t006,1202.0740890000002,topic_to_topic,studio,,True,True,-0.8800000000001091,-0.8800000000001091,1201.194089,0.8800000000001091
news7_20260517,news7,full,b007,t007,1324.654089,topic_to_topic,studio,,True,True,0.8299999999999272,0.8299999999999272,1325.484089,0.8299999999999272
news7_20260517,news7,full,b008,t008,1364.734089,topic_to_topic,bumper,,True,True,3.4600000000000364,3.4600000000000364,1368.194089,3.4600000000000364
news7_20260517,news7,full,b009,t009,1408.164089,topic_to_topic,bumper,,False,True,,20.029999999999973,1428.194089,20.029999999999973
news7_20260517,news7,full,b010,t010,1458.3840890000001,topic_to_topic,studio,,True,True,-0.3200000000001637,-0.3200000000001637,1458.064089,0.3200000000001637
news7_20260517,news7,full,b011,t011,1566.784089,topic_to_topic,studio,,True,True,-0.25,-0.25,1566.534089,0.25
news7_20260517,news7,full,b012,t012,1673.784089,topic_to_topic,studio,,True,True,-1.3099999999999454,-1.3099999999999454,1672.474089,1.3099999999999454
news7_20260517,news7,full,b013,t013,1791.6340890000001,topic_to_program_end,studio,,True,True,-3.4400000000000546,-3.4400000000000546,1788.194089,3.4400000000000546
news7_20260517,news7,no_vlm,b001,t001,101.414089,topic_to_topic,studio,,True,True,-0.4399999999999977,-0.4399999999999977,100.974089,0.4399999999999977
news7_20260517,news7,no_vlm,b002,t002,446.93408900000003,topic_to_topic,studio,,True,True,-0.7400000000000091,-0.7400000000000091,446.194089,0.7400000000000091
news7_20260517,news7,no_vlm,b003,t003,873.554089,topic_to_topic,studio,,True,True,-0.36000000000001364,-0.36000000000001364,873.194089,0.36000000000001364
news7_20260517,news7,no_vlm,b004,t004,903.634089,topic_to_topic,studio,,False,False,,,873.194089,30.440000000000055
news7_20260517,news7,no_vlm,b005,t005,1108.914089,topic_to_topic,studio,,True,True,-0.7200000000000273,-0.7200000000000273,1108.194089,0.7200000000000273
news7_20260517,news7,no_vlm,b006,t006,1202.0740890000002,topic_to_topic,studio,,True,True,-0.8800000000001091,-0.8800000000001091,1201.194089,0.8800000000001091
news7_20260517,news7,no_vlm,b007,t007,1324.654089,topic_to_topic,studio,,True,True,0.8299999999999272,0.8299999999999272,1325.484089,0.8299999999999272
news7_20260517,news7,no_vlm,b008,t008,1364.734089,topic_to_topic,bumper,,True,True,3.4600000000000364,3.4600000000000364,1368.194089,3.4600000000000364
news7_20260517,news7,no_vlm,b009,t009,1408.164089,topic_to_topic,bumper,,False,True,,20.029999999999973,1428.194089,20.029999999999973
news7_20260517,news7,no_vlm,b010,t010,1458.3840890000001,topic_to_topic,studio,,True,True,-0.3200000000001637,-0.3200000000001637,1458.064089,0.3200000000001637
news7_20260517,news7,no_vlm,b011,t011,1566.784089,topic_to_topic,studio,,True,True,-0.25,-0.25,1566.534089,0.25
news7_20260517,news7,no_vlm,b012,t012,1673.784089,topic_to_topic,studio,,True,True,-1.3099999999999454,-1.3099999999999454,1672.474089,1.3099999999999454
news7_20260517,news7,no_vlm,b013,t013,1791.6340890000001,topic_to_program_end,studio,,True,True,-3.4400000000000546,-3.4400000000000546,1788.194089,3.4400000000000546
news7_20260517,news7,no_transcript,b001,t001,101.414089,topic_to_topic,studio,,True,True,-1.4200000000000017,-1.4200000000000017,99.994089,1.4200000000000017
news7_20260517,news7,no_transcript,b002,t002,446.93408900000003,topic_to_topic,studio,,False,True,,10.659999999999968,457.594089,10.659999999999968
news7_20260517,news7,no_transcript,b003,t003,873.554089,topic_to_topic,studio,,False,True,,5.439999999999941,878.9940889999999,5.439999999999941
news7_20260517,news7,no_transcript,b004,t004,903.634089,topic_to_topic,studio,,False,True,,9.959999999999923,913.5940889999999,9.959999999999923
news7_20260517,news7,no_transcript,b005,t005,1108.914089,topic_to_topic,studio,,False,True,,16.87999999999988,1125.794089,16.87999999999988
news7_20260517,news7,no_transcript,b006,t006,1202.0740890000002,topic_to_topic,studio,,False,True,,15.919999999999845,1217.994089,15.919999999999845
news7_20260517,news7,no_transcript,b007,t007,1324.654089,topic_to_topic,studio,,False,True,,19.940000000000055,1344.5940890000002,19.940000000000055
news7_20260517,news7,no_transcript,b008,t008,1364.734089,topic_to_topic,bumper,,False,True,,-8.339999999999918,1356.3940890000001,8.339999999999918
news7_20260517,news7,no_transcript,b009,t009,1408.164089,topic_to_topic,bumper,,False,True,,11.930000000000064,1420.0940890000002,11.930000000000064
news7_20260517,news7,no_transcript,b010,t010,1458.3840890000001,topic_to_topic,studio,,False,True,,26.6099999999999,1484.994089,26.6099999999999
news7_20260517,news7,no_transcript,b011,t011,1566.784089,topic_to_topic,studio,,True,True,3.7100000000000364,3.7100000000000364,1570.494089,3.7100000000000364
news7_20260517,news7,no_transcript,b012,t012,1673.784089,topic_to_topic,studio,,True,True,-0.6899999999998272,-0.6899999999998272,1673.0940890000002,0.6899999999998272
news7_20260517,news7,no_transcript,b013,t013,1791.6340890000001,topic_to_program_end,studio,,True,True,1.259999999999991,1.259999999999991,1792.8940890000001,1.259999999999991
news7_20260517,news7,no_vlm_no_ocr,b001,t001,101.414089,topic_to_topic,studio,,True,True,-0.4399999999999977,-0.4399999999999977,100.974089,0.4399999999999977
news7_20260517,news7,no_vlm_no_ocr,b002,t002,446.93408900000003,topic_to_topic,studio,,True,True,-0.44999999999998863,-0.44999999999998863,446.48408900000004,0.44999999999998863
news7_20260517,news7,no_vlm_no_ocr,b003,t003,873.554089,topic_to_topic,studio,,True,True,-0.3100000000000591,-0.3100000000000591,873.2440889999999,0.3100000000000591
news7_20260517,news7,no_vlm_no_ocr,b004,t004,903.634089,topic_to_topic,studio,,False,False,,,873.2440889999999,30.3900000000001
news7_20260517,news7,no_vlm_no_ocr,b005,t005,1108.914089,topic_to_topic,studio,,True,True,-2.6400000000001,-2.6400000000001,1106.274089,2.6400000000001
news7_20260517,news7,no_vlm_no_ocr,b006,t006,1202.0740890000002,topic_to_topic,studio,,True,True,-3.4400000000000546,-3.4400000000000546,1198.6340890000001,3.4400000000000546
news7_20260517,news7,no_vlm_no_ocr,b007,t007,1324.654089,topic_to_topic,studio,,True,True,0.8299999999999272,0.8299999999999272,1325.484089,0.8299999999999272
news7_20260517,news7,no_vlm_no_ocr,b008,t008,1364.734089,topic_to_topic,bumper,,True,True,3.4600000000000364,3.4600000000000364,1368.194089,3.4600000000000364
news7_20260517,news7,no_vlm_no_ocr,b009,t009,1408.164089,topic_to_topic,bumper,,False,True,,20.029999999999973,1428.194089,20.029999999999973
news7_20260517,news7,no_vlm_no_ocr,b010,t010,1458.3840890000001,topic_to_topic,studio,,True,True,-0.3200000000001637,-0.3200000000001637,1458.064089,0.3200000000001637
news7_20260517,news7,no_vlm_no_ocr,b011,t011,1566.784089,topic_to_topic,studio,,True,True,-0.25,-0.25,1566.534089,0.25
news7_20260517,news7,no_vlm_no_ocr,b012,t012,1673.784089,topic_to_topic,studio,,True,True,-1.3099999999999454,-1.3099999999999454,1672.474089,1.3099999999999454
news7_20260517,news7,no_vlm_no_ocr,b013,t013,1791.6340890000001,topic_to_program_end,studio,,True,True,-3.4400000000000546,-3.4400000000000546,1788.194089,3.4400000000000546
news7_20260517,news7,no_ocr,b001,t001,101.414089,topic_to_topic,studio,,True,True,-0.4399999999999977,-0.4399999999999977,100.974089,0.4399999999999977
news7_20260517,news7,no_ocr,b002,t002,446.93408900000003,topic_to_topic,studio,,True,True,-0.44999999999998863,-0.44999999999998863,446.48408900000004,0.44999999999998863
news7_20260517,news7,no_ocr,b003,t003,873.554089,topic_to_topic,studio,,True,True,-0.3100000000000591,-0.3100000000000591,873.2440889999999,0.3100000000000591
news7_20260517,news7,no_ocr,b004,t004,903.634089,topic_to_topic,studio,,False,True,,13.519999999999982,917.154089,13.519999999999982
news7_20260517,news7,no_ocr,b005,t005,1108.914089,topic_to_topic,studio,,True,True,-2.6400000000001,-2.6400000000001,1106.274089,2.6400000000001
news7_20260517,news7,no_ocr,b006,t006,1202.0740890000002,topic_to_topic,studio,,True,True,-3.4400000000000546,-3.4400000000000546,1198.6340890000001,3.4400000000000546
news7_20260517,news7,no_ocr,b007,t007,1324.654089,topic_to_topic,studio,,True,True,0.8299999999999272,0.8299999999999272,1325.484089,0.8299999999999272
news7_20260517,news7,no_ocr,b008,t008,1364.734089,topic_to_topic,bumper,,True,True,-0.03999999999996362,-0.03999999999996362,1364.694089,0.03999999999996362
news7_20260517,news7,no_ocr,b009,t009,1408.164089,topic_to_topic,bumper,,True,True,2.5299999999999727,2.5299999999999727,1410.694089,2.5299999999999727
news7_20260517,news7,no_ocr,b010,t010,1458.3840890000001,topic_to_topic,studio,,True,True,-0.3200000000001637,-0.3200000000001637,1458.064089,0.3200000000001637
news7_20260517,news7,no_ocr,b011,t011,1566.784089,topic_to_topic,studio,,True,True,-0.25,-0.25,1566.534089,0.25
news7_20260517,news7,no_ocr,b012,t012,1673.784089,topic_to_topic,studio,,True,True,-0.30999999999994543,-0.30999999999994543,1673.474089,0.30999999999994543
news7_20260517,news7,no_ocr,b013,t013,1791.6340890000001,topic_to_program_end,studio,,True,True,-3.4400000000000546,-3.4400000000000546,1788.194089,3.4400000000000546
news7_20260522,news7,full,b001,t001,393.22758799999997,topic_to_topic,studio,,True,True,0.09000000000003183,0.09000000000003183,393.317588,0.09000000000003183
news7_20260522,news7,full,b002,t002,607.657588,topic_to_topic,studio,,True,True,-0.34000000000003183,-0.34000000000003183,607.317588,0.34000000000003183
news7_20260522,news7,full,b003,t003,873.697588,topic_to_topic,studio,,False,True,,-24.24000000000001,849.457588,24.24000000000001
news7_20260522,news7,full,b004,t004,1085.777588,topic_to_topic,vtr,,True,True,0.5399999999999636,0.5399999999999636,1086.317588,0.5399999999999636
news7_20260522,news7,full,b005,t005,1172.677588,topic_to_topic,studio,,True,True,-0.36000000000012733,-0.36000000000012733,1172.317588,0.36000000000012733
news7_20260522,news7,full,b006,t006,1337.257588,topic_to_topic,studio,,True,True,-0.6599999999998545,-0.6599999999998545,1336.597588,0.6599999999998545
news7_20260522,news7,full,b007,t007,1443.2075880000002,topic_to_topic,studio,,True,True,-4.370000000000346,-4.370000000000346,1438.8375879999999,4.370000000000346
news7_20260522,news7,full,b008,t008,1486.8975879999998,topic_to_topic,bumper,,True,True,1.4200000000000728,1.4200000000000728,1488.317588,1.4200000000000728
news7_20260522,news7,full,b009,t009,1534.4775880000002,topic_to_topic,studio,,True,True,-0.16000000000030923,-0.16000000000030923,1534.317588,0.16000000000030923
news7_20260522,news7,full,b010,t010,1653.3975879999998,topic_to_topic,studio,,True,True,-0.7199999999997999,-0.7199999999997999,1652.677588,0.7199999999997999
news7_20260522,news7,full,b011,t011,1790.4975880000002,topic_to_program_end,studio,,True,True,-2.2400000000002365,-2.2400000000002365,1788.257588,2.2400000000002365
news7_20260522,news7,no_vlm,b001,t001,393.22758799999997,topic_to_topic,studio,,True,True,0.09000000000003183,0.09000000000003183,393.317588,0.09000000000003183
news7_20260522,news7,no_vlm,b002,t002,607.657588,topic_to_topic,studio,,True,True,-0.34000000000003183,-0.34000000000003183,607.317588,0.34000000000003183
news7_20260522,news7,no_vlm,b003,t003,873.697588,topic_to_topic,studio,,False,True,,-24.24000000000001,849.457588,24.24000000000001
news7_20260522,news7,no_vlm,b004,t004,1085.777588,topic_to_topic,vtr,,True,True,0.5399999999999636,0.5399999999999636,1086.317588,0.5399999999999636
news7_20260522,news7,no_vlm,b005,t005,1172.677588,topic_to_topic,studio,,True,True,-0.36000000000012733,-0.36000000000012733,1172.317588,0.36000000000012733
news7_20260522,news7,no_vlm,b006,t006,1337.257588,topic_to_topic,studio,,True,True,-0.6599999999998545,-0.6599999999998545,1336.597588,0.6599999999998545
news7_20260522,news7,no_vlm,b007,t007,1443.2075880000002,topic_to_topic,studio,,True,True,-4.370000000000346,-4.370000000000346,1438.8375879999999,4.370000000000346
news7_20260522,news7,no_vlm,b008,t008,1486.8975879999998,topic_to_topic,bumper,,True,True,1.4200000000000728,1.4200000000000728,1488.317588,1.4200000000000728
news7_20260522,news7,no_vlm,b009,t009,1534.4775880000002,topic_to_topic,studio,,True,True,-0.16000000000030923,-0.16000000000030923,1534.317588,0.16000000000030923
news7_20260522,news7,no_vlm,b010,t010,1653.3975879999998,topic_to_topic,studio,,True,True,-0.7199999999997999,-0.7199999999997999,1652.677588,0.7199999999997999
news7_20260522,news7,no_vlm,b011,t011,1790.4975880000002,topic_to_program_end,studio,,False,True,,9.159999999999854,1799.657588,9.159999999999854
news7_20260522,news7,no_transcript,b001,t001,393.22758799999997,topic_to_topic,studio,,False,True,,12.890000000000043,406.117588,12.890000000000043
news7_20260522,news7,no_transcript,b002,t002,607.657588,topic_to_topic,studio,,False,True,,7.860000000000014,615.517588,7.860000000000014
news7_20260522,news7,no_transcript,b003,t003,873.697588,topic_to_topic,studio,,False,True,,5.220000000000027,878.917588,5.220000000000027
news7_20260522,news7,no_transcript,b004,t004,1085.777588,topic_to_topic,vtr,,False,True,,16.240000000000236,1102.0175880000002,16.240000000000236
news7_20260522,news7,no_transcript,b005,t005,1172.677588,topic_to_topic,studio,,False,True,,7.539999999999964,1180.217588,7.539999999999964
news7_20260522,news7,no_transcript,b006,t006,1337.257588,topic_to_topic,studio,,False,True,,11.460000000000036,1348.717588,11.460000000000036
news7_20260522,news7,no_transcript,b007,t007,1443.2075880000002,topic_to_topic,studio,,False,True,,17.70999999999958,1460.9175879999998,17.70999999999958
news7_20260522,news7,no_transcript,b008,t008,1486.8975879999998,topic_to_topic,bumper,,False,True,,9.720000000000255,1496.617588,9.720000000000255
news7_20260522,news7,no_transcript,b009,t009,1534.4775880000002,topic_to_topic,studio,,True,True,1.7399999999997817,1.7399999999997817,1536.217588,1.7399999999997817
news7_20260522,news7,no_transcript,b010,t010,1653.3975879999998,topic_to_topic,studio,,True,True,1.0199999999999818,1.0199999999999818,1654.4175879999998,1.0199999999999818
news7_20260522,news7,no_transcript,b011,t011,1790.4975880000002,topic_to_program_end,studio,,False,True,,6.2199999999998,1796.717588,6.2199999999998
news7_20260522,news7,no_vlm_no_ocr,b001,t001,393.22758799999997,topic_to_topic,studio,,True,True,-1.1099999999999568,-1.1099999999999568,392.117588,1.1099999999999568
news7_20260522,news7,no_vlm_no_ocr,b002,t002,607.657588,topic_to_topic,studio,,False,True,,14.409999999999968,622.067588,14.409999999999968
news7_20260522,news7,no_vlm_no_ocr,b003,t003,873.697588,topic_to_topic,studio,,False,True,,-24.24000000000001,849.457588,24.24000000000001
news7_20260522,news7,no_vlm_no_ocr,b004,t004,1085.777588,topic_to_topic,vtr,,True,True,-0.7999999999997272,-0.7999999999997272,1084.9775880000002,0.7999999999997272
news7_20260522,news7,no_vlm_no_ocr,b005,t005,1172.677588,topic_to_topic,studio,,True,True,-0.9099999999998545,-0.9099999999998545,1171.7675880000002,0.9099999999998545
news7_20260522,news7,no_vlm_no_ocr,b006,t006,1337.257588,topic_to_topic,studio,,True,True,-0.6599999999998545,-0.6599999999998545,1336.597588,0.6599999999998545
news7_20260522,news7,no_vlm_no_ocr,b007,t007,1443.2075880000002,topic_to_topic,studio,,True,True,-4.370000000000346,-4.370000000000346,1438.8375879999999,4.370000000000346
news7_20260522,news7,no_vlm_no_ocr,b008,t008,1486.8975879999998,topic_to_topic,bumper,,False,True,,11.260000000000218,1498.157588,11.260000000000218
news7_20260522,news7,no_vlm_no_ocr,b009,t009,1534.4775880000002,topic_to_topic,studio,,True,True,-0.8800000000001091,-0.8800000000001091,1533.597588,0.8800000000001091
news7_20260522,news7,no_vlm_no_ocr,b010,t010,1653.3975879999998,topic_to_topic,studio,,True,True,-0.7199999999997999,-0.7199999999997999,1652.677588,0.7199999999997999
news7_20260522,news7,no_vlm_no_ocr,b011,t011,1790.4975880000002,topic_to_program_end,studio,,True,True,-2.2400000000002365,-2.2400000000002365,1788.257588,2.2400000000002365
news7_20260522,news7,no_ocr,b001,t001,393.22758799999997,topic_to_topic,studio,,True,True,-1.1099999999999568,-1.1099999999999568,392.117588,1.1099999999999568
news7_20260522,news7,no_ocr,b002,t002,607.657588,topic_to_topic,studio,,False,False,,,648.317588,40.65999999999997
news7_20260522,news7,no_ocr,b003,t003,873.697588,topic_to_topic,studio,,False,True,,-24.24000000000001,849.457588,24.24000000000001
news7_20260522,news7,no_ocr,b004,t004,1085.777588,topic_to_topic,vtr,,True,True,-0.7999999999997272,-0.7999999999997272,1084.9775880000002,0.7999999999997272
news7_20260522,news7,no_ocr,b005,t005,1172.677588,topic_to_topic,studio,,True,True,-0.9099999999998545,-0.9099999999998545,1171.7675880000002,0.9099999999998545
news7_20260522,news7,no_ocr,b006,t006,1337.257588,topic_to_topic,studio,,True,True,-0.6599999999998545,-0.6599999999998545,1336.597588,0.6599999999998545
news7_20260522,news7,no_ocr,b007,t007,1443.2075880000002,topic_to_topic,studio,,True,True,-4.370000000000346,-4.370000000000346,1438.8375879999999,4.370000000000346
news7_20260522,news7,no_ocr,b008,t008,1486.8975879999998,topic_to_topic,bumper,,True,True,1.4200000000000728,1.4200000000000728,1488.317588,1.4200000000000728
news7_20260522,news7,no_ocr,b009,t009,1534.4775880000002,topic_to_topic,studio,,True,True,-0.8800000000001091,-0.8800000000001091,1533.597588,0.8800000000001091
news7_20260522,news7,no_ocr,b010,t010,1653.3975879999998,topic_to_topic,studio,,True,True,-0.6499999999996362,-0.6499999999996362,1652.7475880000002,0.6499999999996362
news7_20260522,news7,no_ocr,b011,t011,1790.4975880000002,topic_to_program_end,studio,,True,True,-2.2400000000002365,-2.2400000000002365,1788.257588,2.2400000000002365
news7_20260526,news7,full,b001,t001,488.00608900000003,topic_to_topic,studio,,True,True,-0.35000000000002274,-0.35000000000002274,487.656089,0.35000000000002274
news7_20260526,news7,full,b002,t002,864.756089,topic_to_topic,studio,,True,True,-0.10000000000002274,-0.10000000000002274,864.656089,0.10000000000002274
news7_20260526,news7,full,b003,t003,921.9560889999999,topic_to_topic,studio,,False,True,,14.700000000000045,936.656089,14.700000000000045
news7_20260526,news7,full,b004,t004,1250.956089,topic_to_topic,studio,,True,True,-0.2699999999999818,-0.2699999999999818,1250.686089,0.2699999999999818
news7_20260526,news7,full,b005,t005,1393.3460890000001,topic_to_topic,studio,,True,True,-0.6900000000000546,-0.6900000000000546,1392.656089,0.6900000000000546
news7_20260526,news7,full,b006,t006,1557.986089,topic_to_topic,studio,,True,True,-0.32999999999992724,-0.32999999999992724,1557.656089,0.32999999999992724
news7_20260526,news7,full,b007,t007,1648.646089,topic_to_topic,studio,,True,True,0.009999999999990905,0.009999999999990905,1648.656089,0.009999999999990905
news7_20260526,news7,full,b008,t008,1791.0460890000002,topic_to_program_end,studio,,True,True,-0.39000000000010004,-0.39000000000010004,1790.656089,0.39000000000010004
news7_20260526,news7,no_vlm,b001,t001,488.00608900000003,topic_to_topic,studio,,True,True,-0.35000000000002274,-0.35000000000002274,487.656089,0.35000000000002274
news7_20260526,news7,no_vlm,b002,t002,864.756089,topic_to_topic,studio,,True,True,-0.10000000000002274,-0.10000000000002274,864.656089,0.10000000000002274
news7_20260526,news7,no_vlm,b003,t003,921.9560889999999,topic_to_topic,studio,,False,False,,,888.656089,33.299999999999955
news7_20260526,news7,no_vlm,b004,t004,1250.956089,topic_to_topic,studio,,False,True,,-27.480000000000018,1223.476089,27.480000000000018
news7_20260526,news7,no_vlm,b005,t005,1393.3460890000001,topic_to_topic,studio,,True,True,-0.6900000000000546,-0.6900000000000546,1392.656089,0.6900000000000546
news7_20260526,news7,no_vlm,b006,t006,1557.986089,topic_to_topic,studio,,True,True,-0.32999999999992724,-0.32999999999992724,1557.656089,0.32999999999992724
news7_20260526,news7,no_vlm,b007,t007,1648.646089,topic_to_topic,studio,,True,True,0.009999999999990905,0.009999999999990905,1648.656089,0.009999999999990905
news7_20260526,news7,no_vlm,b008,t008,1791.0460890000002,topic_to_program_end,studio,,True,True,-0.39000000000010004,-0.39000000000010004,1790.656089,0.39000000000010004
news7_20260526,news7,no_transcript,b001,t001,488.00608900000003,topic_to_topic,studio,,True,True,4.5499999999999545,4.5499999999999545,492.556089,4.5499999999999545
news7_20260526,news7,no_transcript,b002,t002,864.756089,topic_to_topic,studio,,False,True,,9.5,874.256089,9.5
news7_20260526,news7,no_transcript,b003,t003,921.9560889999999,topic_to_topic,studio,,False,True,,19.100000000000023,941.0560889999999,19.100000000000023
news7_20260526,news7,no_transcript,b004,t004,1250.956089,topic_to_topic,studio,,False,True,,18.40000000000009,1269.356089,18.40000000000009
news7_20260526,news7,no_transcript,b005,t005,1393.3460890000001,topic_to_topic,studio,,False,True,,29.809999999999945,1423.156089,29.809999999999945
news7_20260526,news7,no_transcript,b006,t006,1557.986089,topic_to_topic,studio,,False,True,,5.570000000000164,1563.5560890000002,5.570000000000164
news7_20260526,news7,no_transcript,b007,t007,1648.646089,topic_to_topic,studio,,False,True,,-13.190000000000055,1635.456089,13.190000000000055
news7_20260526,news7,no_transcript,b008,t008,1791.0460890000002,topic_to_program_end,studio,,True,True,3.1099999999999,3.1099999999999,1794.156089,3.1099999999999
news7_20260526,news7,no_vlm_no_ocr,b001,t001,488.00608900000003,topic_to_topic,studio,,True,True,-0.5200000000000387,-0.5200000000000387,487.486089,0.5200000000000387
news7_20260526,news7,no_vlm_no_ocr,b002,t002,864.756089,topic_to_topic,studio,,True,True,-0.2900000000000773,-0.2900000000000773,864.4660889999999,0.2900000000000773
news7_20260526,news7,no_vlm_no_ocr,b003,t003,921.9560889999999,topic_to_topic,studio,,False,True,,26.700000000000045,948.656089,26.700000000000045
news7_20260526,news7,no_vlm_no_ocr,b004,t004,1250.956089,topic_to_topic,studio,,False,True,,-26.190000000000055,1224.766089,26.190000000000055
news7_20260526,news7,no_vlm_no_ocr,b005,t005,1393.3460890000001,topic_to_topic,studio,,True,True,-0.8200000000001637,-0.8200000000001637,1392.526089,0.8200000000001637
news7_20260526,news7,no_vlm_no_ocr,b006,t006,1557.986089,topic_to_topic,studio,,True,True,-0.599999999999909,-0.599999999999909,1557.386089,0.599999999999909
news7_20260526,news7,no_vlm_no_ocr,b007,t007,1648.646089,topic_to_topic,studio,,True,True,-0.43000000000006366,-0.43000000000006366,1648.216089,0.43000000000006366
news7_20260526,news7,no_vlm_no_ocr,b008,t008,1791.0460890000002,topic_to_program_end,studio,,True,True,-0.4900000000000091,-0.4900000000000091,1790.5560890000002,0.4900000000000091
news7_20260526,news7,no_ocr,b001,t001,488.00608900000003,topic_to_topic,studio,,True,True,-0.5200000000000387,-0.5200000000000387,487.486089,0.5200000000000387
news7_20260526,news7,no_ocr,b002,t002,864.756089,topic_to_topic,studio,,True,True,-0.2900000000000773,-0.2900000000000773,864.4660889999999,0.2900000000000773
news7_20260526,news7,no_ocr,b003,t003,921.9560889999999,topic_to_topic,studio,,False,True,,26.700000000000045,948.656089,26.700000000000045
news7_20260526,news7,no_ocr,b004,t004,1250.956089,topic_to_topic,studio,,True,True,-0.2699999999999818,-0.2699999999999818,1250.686089,0.2699999999999818
news7_20260526,news7,no_ocr,b005,t005,1393.3460890000001,topic_to_topic,studio,,True,True,-0.8200000000001637,-0.8200000000001637,1392.526089,0.8200000000001637
news7_20260526,news7,no_ocr,b006,t006,1557.986089,topic_to_topic,studio,,True,True,-0.599999999999909,-0.599999999999909,1557.386089,0.599999999999909
news7_20260526,news7,no_ocr,b007,t007,1648.646089,topic_to_topic,studio,,True,True,-0.43000000000006366,-0.43000000000006366,1648.216089,0.43000000000006366
news7_20260526,news7,no_ocr,b008,t008,1791.0460890000002,topic_to_program_end,studio,,True,True,-2.060000000000173,-2.060000000000173,1788.986089,2.060000000000173
news7_20260601,news7,full,b001,t001,706.758488,topic_to_non_editorial,broadcaster_service_or_broadcast_announcement,,False,True,,24.769999999999982,731.528488,24.769999999999982
news7_20260601,news7,full,b002,t002,805.2384880000001,topic_to_topic,studio,,True,True,-0.7100000000000364,-0.7100000000000364,804.528488,0.7100000000000364
news7_20260601,news7,full,b003,t003,1102.6084879999999,topic_to_topic,studio,,True,True,-0.3999999999998636,-0.3999999999998636,1102.208488,0.3999999999998636
news7_20260601,news7,full,b004,t004,1356.998488,topic_to_topic,studio,,True,True,-0.4700000000000273,-0.4700000000000273,1356.528488,0.4700000000000273
news7_20260601,news7,full,b005,t005,1575.458488,topic_to_topic,bumper,,False,True,,-21.600000000000136,1553.8584879999999,21.600000000000136
news7_20260601,news7,full,b006,t006,1612.0884879999999,topic_to_topic,bumper,,True,True,-3.5599999999999454,-3.5599999999999454,1608.528488,3.5599999999999454
news7_20260601,news7,full,b007,t007,1652.0884879999999,topic_to_topic,studio,,True,True,-0.5299999999999727,-0.5299999999999727,1651.558488,0.5299999999999727
news7_20260601,news7,full,b008,t008,1670.718488,topic_to_topic,studio,,True,True,-1.4300000000000637,-1.4300000000000637,1669.288488,1.4300000000000637
news7_20260601,news7,full,b009,t009,1791.6184879999998,topic_to_program_end,studio,,True,True,-1.8299999999999272,-1.8299999999999272,1789.788488,1.8299999999999272
news7_20260601,news7,no_vlm,b001,t001,706.758488,topic_to_non_editorial,broadcaster_service_or_broadcast_announcement,,False,True,,24.769999999999982,731.528488,24.769999999999982
news7_20260601,news7,no_vlm,b002,t002,805.2384880000001,topic_to_topic,studio,,True,True,-0.7100000000000364,-0.7100000000000364,804.528488,0.7100000000000364
news7_20260601,news7,no_vlm,b003,t003,1102.6084879999999,topic_to_topic,studio,,True,True,-1.740000000000009,-1.740000000000009,1100.8684879999998,1.740000000000009
news7_20260601,news7,no_vlm,b004,t004,1356.998488,topic_to_topic,studio,,True,True,-0.4700000000000273,-0.4700000000000273,1356.528488,0.4700000000000273
news7_20260601,news7,no_vlm,b005,t005,1575.458488,topic_to_topic,bumper,,False,True,,-21.600000000000136,1553.8584879999999,21.600000000000136
news7_20260601,news7,no_vlm,b006,t006,1612.0884879999999,topic_to_topic,bumper,,True,True,-3.5599999999999454,-3.5599999999999454,1608.528488,3.5599999999999454
news7_20260601,news7,no_vlm,b007,t007,1652.0884879999999,topic_to_topic,studio,,True,True,-0.5299999999999727,-0.5299999999999727,1651.558488,0.5299999999999727
news7_20260601,news7,no_vlm,b008,t008,1670.718488,topic_to_topic,studio,,True,True,-1.4300000000000637,-1.4300000000000637,1669.288488,1.4300000000000637
news7_20260601,news7,no_vlm,b009,t009,1791.6184879999998,topic_to_program_end,studio,,True,True,-0.08999999999991815,-0.08999999999991815,1791.528488,0.08999999999991815
news7_20260601,news7,no_transcript,b001,t001,706.758488,topic_to_non_editorial,broadcaster_service_or_broadcast_announcement,,False,True,,25.769999999999982,732.528488,25.769999999999982
news7_20260601,news7,no_transcript,b002,t002,805.2384880000001,topic_to_topic,studio,,True,True,3.2899999999999636,3.2899999999999636,808.528488,3.2899999999999636
news7_20260601,news7,no_transcript,b003,t003,1102.6084879999999,topic_to_topic,studio,,False,True,,20.920000000000073,1123.528488,20.920000000000073
news7_20260601,news7,no_transcript,b004,t004,1356.998488,topic_to_topic,studio,,True,True,1.5299999999999727,1.5299999999999727,1358.528488,1.5299999999999727
news7_20260601,news7,no_transcript,b005,t005,1575.458488,topic_to_topic,bumper,,True,True,-1.9300000000000637,-1.9300000000000637,1573.528488,1.9300000000000637
news7_20260601,news7,no_transcript,b006,t006,1612.0884879999999,topic_to_topic,bumper,,False,True,,-9.559999999999945,1602.528488,9.559999999999945
news7_20260601,news7,no_transcript,b007,t007,1652.0884879999999,topic_to_topic,studio,,True,True,4.440000000000055,4.440000000000055,1656.528488,4.440000000000055
news7_20260601,news7,no_transcript,b008,t008,1670.718488,topic_to_topic,studio,,True,True,3.8099999999999454,3.8099999999999454,1674.528488,3.8099999999999454
news7_20260601,news7,no_transcript,b009,t009,1791.6184879999998,topic_to_program_end,studio,,True,True,3.910000000000082,3.910000000000082,1795.528488,3.910000000000082
news7_20260601,news7,no_vlm_no_ocr,b001,t001,706.758488,topic_to_non_editorial,broadcaster_service_or_broadcast_announcement,,False,True,,24.210000000000036,730.9684880000001,24.210000000000036
news7_20260601,news7,no_vlm_no_ocr,b002,t002,805.2384880000001,topic_to_topic,studio,,True,True,-0.4900000000000091,-0.4900000000000091,804.7484880000001,0.4900000000000091
news7_20260601,news7,no_vlm_no_ocr,b003,t003,1102.6084879999999,topic_to_topic,studio,,True,True,-1.740000000000009,-1.740000000000009,1100.8684879999998,1.740000000000009
news7_20260601,news7,no_vlm_no_ocr,b004,t004,1356.998488,topic_to_topic,studio,,True,True,-0.5,-0.5,1356.498488,0.5
news7_20260601,news7,no_vlm_no_ocr,b005,t005,1575.458488,topic_to_topic,bumper,,False,True,,-26.930000000000064,1548.528488,26.930000000000064
news7_20260601,news7,no_vlm_no_ocr,b006,t006,1612.0884879999999,topic_to_topic,bumper,,True,True,-3.5599999999999454,-3.5599999999999454,1608.528488,3.5599999999999454
news7_20260601,news7,no_vlm_no_ocr,b007,t007,1652.0884879999999,topic_to_topic,studio,,True,True,-0.5299999999999727,-0.5299999999999727,1651.558488,0.5299999999999727
news7_20260601,news7,no_vlm_no_ocr,b008,t008,1670.718488,topic_to_topic,studio,,True,True,-1.4300000000000637,-1.4300000000000637,1669.288488,1.4300000000000637
news7_20260601,news7,no_vlm_no_ocr,b009,t009,1791.6184879999998,topic_to_program_end,studio,,True,True,-1.8299999999999272,-1.8299999999999272,1789.788488,1.8299999999999272
news7_20260601,news7,no_ocr,b001,t001,706.758488,topic_to_non_editorial,broadcaster_service_or_broadcast_announcement,,False,True,,24.210000000000036,730.9684880000001,24.210000000000036
news7_20260601,news7,no_ocr,b002,t002,805.2384880000001,topic_to_topic,studio,,True,True,-0.4900000000000091,-0.4900000000000091,804.7484880000001,0.4900000000000091
news7_20260601,news7,no_ocr,b003,t003,1102.6084879999999,topic_to_topic,studio,,True,True,-0.3999999999998636,-0.3999999999998636,1102.208488,0.3999999999998636
news7_20260601,news7,no_ocr,b004,t004,1356.998488,topic_to_topic,studio,,True,True,-0.5,-0.5,1356.498488,0.5
news7_20260601,news7,no_ocr,b005,t005,1575.458488,topic_to_topic,bumper,,False,True,,-21.600000000000136,1553.8584879999999,21.600000000000136
news7_20260601,news7,no_ocr,b006,t006,1612.0884879999999,topic_to_topic,bumper,,True,True,-3.5599999999999454,-3.5599999999999454,1608.528488,3.5599999999999454
news7_20260601,news7,no_ocr,b007,t007,1652.0884879999999,topic_to_topic,studio,,True,True,-0.5299999999999727,-0.5299999999999727,1651.558488,0.5299999999999727
news7_20260601,news7,no_ocr,b008,t008,1670.718488,topic_to_topic,studio,,True,True,-1.4300000000000637,-1.4300000000000637,1669.288488,1.4300000000000637
news7_20260601,news7,no_ocr,b009,t009,1791.6184879999998,topic_to_program_end,studio,,True,True,-1.8299999999999272,-1.8299999999999272,1789.788488,1.8299999999999272
news7_20260605,news7,full,b001,t001,19.866656,topic_to_topic,studio,,False,False,,,340.496656,320.63
news7_20260605,news7,full,b002,t002,340.416656,topic_to_topic,studio,,True,True,0.07999999999998408,0.07999999999998408,340.496656,0.07999999999998408
news7_20260605,news7,full,b003,t003,560.666656,topic_to_topic,studio,,True,True,-0.16999999999995907,-0.16999999999995907,560.496656,0.16999999999995907
news7_20260605,news7,full,b004,t004,833.396656,topic_to_topic,studio,,False,True,,-17.399999999999977,815.996656,17.399999999999977
news7_20260605,news7,full,b005,t005,1077.816656,topic_to_topic,studio,,False,False,,,1109.1466560000001,31.330000000000155
news7_20260605,news7,full,b006,t006,1464.946656,topic_to_topic,studio,,False,True,,-14.450000000000045,1450.496656,14.450000000000045
news7_20260605,news7,full,b007,t007,1646.366656,topic_to_topic,studio,,True,True,0.13000000000010914,0.13000000000010914,1646.496656,0.13000000000010914
news7_20260605,news7,full,b008,t008,1789.846656,topic_to_program_end,studio,,True,True,-2.939999999999827,-2.939999999999827,1786.906656,2.939999999999827
news7_20260605,news7,no_vlm,b001,t001,19.866656,topic_to_topic,studio,,False,False,,,340.496656,320.63
news7_20260605,news7,no_vlm,b002,t002,340.416656,topic_to_topic,studio,,True,True,0.07999999999998408,0.07999999999998408,340.496656,0.07999999999998408
news7_20260605,news7,no_vlm,b003,t003,560.666656,topic_to_topic,studio,,True,True,-0.16999999999995907,-0.16999999999995907,560.496656,0.16999999999995907
news7_20260605,news7,no_vlm,b004,t004,833.396656,topic_to_topic,studio,,False,True,,-17.399999999999977,815.996656,17.399999999999977
news7_20260605,news7,no_vlm,b005,t005,1077.816656,topic_to_topic,studio,,False,False,,,1108.496656,30.680000000000064
news7_20260605,news7,no_vlm,b006,t006,1464.946656,topic_to_topic,studio,,True,True,0.01999999999998181,0.01999999999998181,1464.966656,0.01999999999998181
news7_20260605,news7,no_vlm,b007,t007,1646.366656,topic_to_topic,studio,,True,True,-1.5799999999999272,-1.5799999999999272,1644.786656,1.5799999999999272
news7_20260605,news7,no_vlm,b008,t008,1789.846656,topic_to_program_end,studio,,True,True,-2.939999999999827,-2.939999999999827,1786.906656,2.939999999999827
news7_20260605,news7,no_transcript,b001,t001,19.866656,topic_to_topic,studio,,False,False,,,338.496656,318.63
news7_20260605,news7,no_transcript,b002,t002,340.416656,topic_to_topic,studio,,True,True,-1.920000000000016,-1.920000000000016,338.496656,1.920000000000016
news7_20260605,news7,no_transcript,b003,t003,560.666656,topic_to_topic,studio,,False,True,,17.83000000000004,578.496656,17.83000000000004
news7_20260605,news7,no_transcript,b004,t004,833.396656,topic_to_topic,studio,,False,True,,5.100000000000023,838.496656,5.100000000000023
news7_20260605,news7,no_transcript,b005,t005,1077.816656,topic_to_topic,studio,,False,True,,25.680000000000064,1103.496656,25.680000000000064
news7_20260605,news7,no_transcript,b006,t006,1464.946656,topic_to_topic,studio,,False,True,,8.549999999999955,1473.496656,8.549999999999955
news7_20260605,news7,no_transcript,b007,t007,1646.366656,topic_to_topic,studio,,False,True,,7.130000000000109,1653.496656,7.130000000000109
news7_20260605,news7,no_transcript,b008,t008,1789.846656,topic_to_program_end,studio,,False,True,,-6.349999999999909,1783.496656,6.349999999999909
news7_20260605,news7,no_vlm_no_ocr,b001,t001,19.866656,topic_to_topic,studio,,False,False,,,338.986656,319.12
news7_20260605,news7,no_vlm_no_ocr,b002,t002,340.416656,topic_to_topic,studio,,True,True,-1.4300000000000068,-1.4300000000000068,338.986656,1.4300000000000068
news7_20260605,news7,no_vlm_no_ocr,b003,t003,560.666656,topic_to_topic,studio,,True,True,-0.5,-0.5,560.166656,0.5
news7_20260605,news7,no_vlm_no_ocr,b004,t004,833.396656,topic_to_topic,studio,,False,True,,-17.819999999999936,815.5766560000001,17.819999999999936
news7_20260605,news7,no_vlm_no_ocr,b005,t005,1077.816656,topic_to_topic,studio,,False,False,,,1109.1466560000001,31.330000000000155
news7_20260605,news7,no_vlm_no_ocr,b006,t006,1464.946656,topic_to_topic,studio,,False,True,,-14.559999999999945,1450.3866560000001,14.559999999999945
news7_20260605,news7,no_vlm_no_ocr,b007,t007,1646.366656,topic_to_topic,studio,,True,True,-0.5799999999999272,-0.5799999999999272,1645.786656,0.5799999999999272
news7_20260605,news7,no_vlm_no_ocr,b008,t008,1789.846656,topic_to_program_end,studio,,True,True,-2.939999999999827,-2.939999999999827,1786.906656,2.939999999999827
news7_20260605,news7,no_ocr,b001,t001,19.866656,topic_to_topic,studio,,False,False,,,338.986656,319.12
news7_20260605,news7,no_ocr,b002,t002,340.416656,topic_to_topic,studio,,True,True,-1.4300000000000068,-1.4300000000000068,338.986656,1.4300000000000068
news7_20260605,news7,no_ocr,b003,t003,560.666656,topic_to_topic,studio,,True,True,-0.5,-0.5,560.166656,0.5
news7_20260605,news7,no_ocr,b004,t004,833.396656,topic_to_topic,studio,,False,True,,-17.819999999999936,815.5766560000001,17.819999999999936
news7_20260605,news7,no_ocr,b005,t005,1077.816656,topic_to_topic,studio,,False,False,,,1109.1466560000001,31.330000000000155
news7_20260605,news7,no_ocr,b006,t006,1464.946656,topic_to_topic,studio,,False,True,,-14.559999999999945,1450.3866560000001,14.559999999999945
news7_20260605,news7,no_ocr,b007,t007,1646.366656,topic_to_topic,studio,,True,True,-0.5799999999999272,-0.5799999999999272,1645.786656,0.5799999999999272
news7_20260605,news7,no_ocr,b008,t008,1789.846656,topic_to_program_end,studio,,True,True,-2.939999999999827,-2.939999999999827,1786.906656,2.939999999999827
news7_20260614,news7,full,b001,t001,207.206722,topic_to_topic,studio,,True,True,0.19999999999998863,0.19999999999998863,207.406722,0.19999999999998863
news7_20260614,news7,full,b002,t002,490.516722,topic_to_topic,studio,,True,True,-0.11000000000001364,-0.11000000000001364,490.406722,0.11000000000001364
news7_20260614,news7,full,b003,t003,965.9667219999999,topic_to_topic,studio,,False,True,,-16.809999999999945,949.156722,16.809999999999945
news7_20260614,news7,full,b004,t004,1158.596722,topic_to_topic,studio,,True,True,-1.1900000000000546,-1.1900000000000546,1157.406722,1.1900000000000546
news7_20260614,news7,full,b005,t005,1317.796722,topic_to_topic,studio,,False,True,,-12.910000000000082,1304.886722,12.910000000000082
news7_20260614,news7,full,b006,t006,1404.836722,topic_to_topic,bumper,,False,True,,23.569999999999936,1428.406722,23.569999999999936
news7_20260614,news7,full,b007,t007,1452.2567219999999,topic_to_topic,bumper,,False,False,,,1428.406722,23.84999999999991
news7_20260614,news7,full,b008,t008,1499.706722,topic_to_topic,studio,,True,True,-0.6900000000000546,-0.6900000000000546,1499.0167219999998,0.6900000000000546
news7_20260614,news7,full,b009,t009,1590.2367219999999,topic_to_topic,studio,,False,True,,-5.829999999999927,1584.406722,5.829999999999927
news7_20260614,news7,full,b010,t010,1670.206722,topic_to_topic,studio,,True,True,-0.7999999999999545,-0.7999999999999545,1669.406722,0.7999999999999545
news7_20260614,news7,full,b011,t011,1790.386722,topic_to_program_end,studio,,True,True,-1.9800000000000182,-1.9800000000000182,1788.406722,1.9800000000000182
news7_20260614,news7,no_vlm,b001,t001,207.206722,topic_to_topic,studio,,True,True,0.19999999999998863,0.19999999999998863,207.406722,0.19999999999998863
news7_20260614,news7,no_vlm,b002,t002,490.516722,topic_to_topic,studio,,True,True,-0.11000000000001364,-0.11000000000001364,490.406722,0.11000000000001364
news7_20260614,news7,no_vlm,b003,t003,965.9667219999999,topic_to_topic,studio,,True,True,-0.5599999999999454,-0.5599999999999454,965.406722,0.5599999999999454
news7_20260614,news7,no_vlm,b004,t004,1158.596722,topic_to_topic,studio,,True,True,-1.1900000000000546,-1.1900000000000546,1157.406722,1.1900000000000546
news7_20260614,news7,no_vlm,b005,t005,1317.796722,topic_to_topic,studio,,False,True,,-12.910000000000082,1304.886722,12.910000000000082
news7_20260614,news7,no_vlm,b006,t006,1404.836722,topic_to_topic,bumper,,False,True,,23.569999999999936,1428.406722,23.569999999999936
news7_20260614,news7,no_vlm,b007,t007,1452.2567219999999,topic_to_topic,bumper,,False,False,,,1428.406722,23.84999999999991
news7_20260614,news7,no_vlm,b008,t008,1499.706722,topic_to_topic,studio,,True,True,-0.6900000000000546,-0.6900000000000546,1499.0167219999998,0.6900000000000546
news7_20260614,news7,no_vlm,b009,t009,1590.2367219999999,topic_to_topic,studio,,False,True,,-5.829999999999927,1584.406722,5.829999999999927
news7_20260614,news7,no_vlm,b010,t010,1670.206722,topic_to_topic,studio,,True,True,-0.7999999999999545,-0.7999999999999545,1669.406722,0.7999999999999545
news7_20260614,news7,no_vlm,b011,t011,1790.386722,topic_to_program_end,studio,,True,True,-1.9800000000000182,-1.9800000000000182,1788.406722,1.9800000000000182
news7_20260614,news7,no_transcript,b001,t001,207.206722,topic_to_topic,studio,,False,True,,-7.300000000000011,199.906722,7.300000000000011
news7_20260614,news7,no_transcript,b002,t002,490.516722,topic_to_topic,studio,,False,True,,-10.110000000000014,480.406722,10.110000000000014
news7_20260614,news7,no_transcript,b003,t003,965.9667219999999,topic_to_topic,studio,,False,True,,-16.809999999999945,949.156722,16.809999999999945
news7_20260614,news7,no_transcript,b004,t004,1158.596722,topic_to_topic,studio,,True,True,0.21000000000003638,0.21000000000003638,1158.806722,0.21000000000003638
news7_20260614,news7,no_transcript,b005,t005,1317.796722,topic_to_topic,studio,,True,True,1.509999999999991,1.509999999999991,1319.306722,1.509999999999991
news7_20260614,news7,no_transcript,b006,t006,1404.836722,topic_to_topic,bumper,,False,True,,-5.430000000000064,1399.406722,5.430000000000064
news7_20260614,news7,no_transcript,b007,t007,1452.2567219999999,topic_to_topic,bumper,,False,True,,6.350000000000136,1458.606722,6.350000000000136
news7_20260614,news7,no_transcript,b008,t008,1499.706722,topic_to_topic,studio,,True,True,-4.599999999999909,-4.599999999999909,1495.106722,4.599999999999909
news7_20260614,news7,no_transcript,b009,t009,1590.2367219999999,topic_to_topic,studio,,False,True,,16.670000000000073,1606.906722,16.670000000000073
news7_20260614,news7,no_transcript,b010,t010,1670.206722,topic_to_topic,studio,,False,True,,10.600000000000136,1680.806722,10.600000000000136
news7_20260614,news7,no_transcript,b011,t011,1790.386722,topic_to_program_end,studio,,True,True,3.7200000000000273,3.7200000000000273,1794.106722,3.7200000000000273
news7_20260614,news7,no_vlm_no_ocr,b001,t001,207.206722,topic_to_topic,studio,,True,True,-0.5200000000000102,-0.5200000000000102,206.686722,0.5200000000000102
news7_20260614,news7,no_vlm_no_ocr,b002,t002,490.516722,topic_to_topic,studio,,True,True,-0.5400000000000205,-0.5400000000000205,489.976722,0.5400000000000205
news7_20260614,news7,no_vlm_no_ocr,b003,t003,965.9667219999999,topic_to_topic,studio,,True,True,-0.5499999999999545,-0.5499999999999545,965.4167219999999,0.5499999999999545
news7_20260614,news7,no_vlm_no_ocr,b004,t004,1158.596722,topic_to_topic,studio,,True,True,-0.5499999999999545,-0.5499999999999545,1158.046722,0.5499999999999545
news7_20260614,news7,no_vlm_no_ocr,b005,t005,1317.796722,topic_to_topic,studio,,False,True,,-12.910000000000082,1304.886722,12.910000000000082
news7_20260614,news7,no_vlm_no_ocr,b006,t006,1404.836722,topic_to_topic,bumper,,False,True,,23.569999999999936,1428.406722,23.569999999999936
news7_20260614,news7,no_vlm_no_ocr,b007,t007,1452.2567219999999,topic_to_topic,bumper,,False,False,,,1428.406722,23.84999999999991
news7_20260614,news7,no_vlm_no_ocr,b008,t008,1499.706722,topic_to_topic,studio,,True,True,-0.6900000000000546,-0.6900000000000546,1499.0167219999998,0.6900000000000546
news7_20260614,news7,no_vlm_no_ocr,b009,t009,1590.2367219999999,topic_to_topic,studio,,True,True,-0.5299999999999727,-0.5299999999999727,1589.706722,0.5299999999999727
news7_20260614,news7,no_vlm_no_ocr,b010,t010,1670.206722,topic_to_topic,studio,,True,True,-0.8199999999999363,-0.8199999999999363,1669.386722,0.8199999999999363
news7_20260614,news7,no_vlm_no_ocr,b011,t011,1790.386722,topic_to_program_end,studio,,True,True,-1.9800000000000182,-1.9800000000000182,1788.406722,1.9800000000000182
news7_20260614,news7,no_ocr,b001,t001,207.206722,topic_to_topic,studio,,True,True,-0.5200000000000102,-0.5200000000000102,206.686722,0.5200000000000102
news7_20260614,news7,no_ocr,b002,t002,490.516722,topic_to_topic,studio,,True,True,-0.5400000000000205,-0.5400000000000205,489.976722,0.5400000000000205
news7_20260614,news7,no_ocr,b003,t003,965.9667219999999,topic_to_topic,studio,,True,True,-0.5499999999999545,-0.5499999999999545,965.4167219999999,0.5499999999999545
news7_20260614,news7,no_ocr,b004,t004,1158.596722,topic_to_topic,studio,,True,True,-0.5499999999999545,-0.5499999999999545,1158.046722,0.5499999999999545
news7_20260614,news7,no_ocr,b005,t005,1317.796722,topic_to_topic,studio,,False,True,,-12.910000000000082,1304.886722,12.910000000000082
news7_20260614,news7,no_ocr,b006,t006,1404.836722,topic_to_topic,bumper,,False,True,,23.569999999999936,1428.406722,23.569999999999936
news7_20260614,news7,no_ocr,b007,t007,1452.2567219999999,topic_to_topic,bumper,,False,False,,,1428.406722,23.84999999999991
news7_20260614,news7,no_ocr,b008,t008,1499.706722,topic_to_topic,studio,,True,True,-0.6900000000000546,-0.6900000000000546,1499.0167219999998,0.6900000000000546
news7_20260614,news7,no_ocr,b009,t009,1590.2367219999999,topic_to_topic,studio,,True,True,-0.5299999999999727,-0.5299999999999727,1589.706722,0.5299999999999727
news7_20260614,news7,no_ocr,b010,t010,1670.206722,topic_to_topic,studio,,True,True,-0.8199999999999363,-0.8199999999999363,1669.386722,0.8199999999999363
news7_20260614,news7,no_ocr,b011,t011,1790.386722,topic_to_program_end,studio,,True,True,-1.9800000000000182,-1.9800000000000182,1788.406722,1.9800000000000182
news7_20260619,news7,full,b001,t001,146.215789,topic_to_topic,studio,,True,True,0.09999999999999432,0.09999999999999432,146.315789,0.09999999999999432
news7_20260619,news7,full,b002,t002,606.815789,topic_to_topic,studio,,True,True,-0.5,-0.5,606.315789,0.5
news7_20260619,news7,full,b003,t003,942.8757889999999,topic_to_topic,vtr,,False,True,,-15.3599999999999,927.515789,15.3599999999999
news7_20260619,news7,full,b004,t004,1219.405789,topic_to_topic,studio,,True,True,-0.6299999999998818,-0.6299999999998818,1218.775789,0.6299999999998818
news7_20260619,news7,full,b005,t005,1329.965789,topic_to_topic,studio,,True,True,-0.650000000000091,-0.650000000000091,1329.315789,0.650000000000091
news7_20260619,news7,full,b006,t006,1480.395789,topic_to_topic,studio,,True,True,-0.07999999999992724,-0.07999999999992724,1480.315789,0.07999999999992724
news7_20260619,news7,full,b007,t007,1586.865789,topic_to_topic,bumper,,True,True,-0.5499999999999545,-0.5499999999999545,1586.315789,0.5499999999999545
news7_20260619,news7,full,b008,t008,1625.875789,topic_to_topic,bumper,,False,True,,19.440000000000055,1645.315789,19.440000000000055
news7_20260619,news7,full,b009,t009,1665.485789,topic_to_topic,studio,,True,True,0.30999999999994543,0.30999999999994543,1665.795789,0.30999999999994543
news7_20260619,news7,full,b010,t010,1780.4357889999999,topic_to_program_end,studio,,True,True,-0.11999999999989086,-0.11999999999989086,1780.315789,0.11999999999989086
news7_20260619,news7,no_vlm,b001,t001,146.215789,topic_to_topic,studio,,True,True,0.09999999999999432,0.09999999999999432,146.315789,0.09999999999999432
news7_20260619,news7,no_vlm,b002,t002,606.815789,topic_to_topic,studio,,True,True,-0.5,-0.5,606.315789,0.5
news7_20260619,news7,no_vlm,b003,t003,942.8757889999999,topic_to_topic,vtr,,False,True,,-15.3599999999999,927.515789,15.3599999999999
news7_20260619,news7,no_vlm,b004,t004,1219.405789,topic_to_topic,studio,,True,True,-0.6299999999998818,-0.6299999999998818,1218.775789,0.6299999999998818
news7_20260619,news7,no_vlm,b005,t005,1329.965789,topic_to_topic,studio,,True,True,-0.650000000000091,-0.650000000000091,1329.315789,0.650000000000091
news7_20260619,news7,no_vlm,b006,t006,1480.395789,topic_to_topic,studio,,True,True,-0.07999999999992724,-0.07999999999992724,1480.315789,0.07999999999992724
news7_20260619,news7,no_vlm,b007,t007,1586.865789,topic_to_topic,bumper,,True,True,-0.5499999999999545,-0.5499999999999545,1586.315789,0.5499999999999545
news7_20260619,news7,no_vlm,b008,t008,1625.875789,topic_to_topic,bumper,,False,True,,5.1400000000001,1631.015789,5.1400000000001
news7_20260619,news7,no_vlm,b009,t009,1665.485789,topic_to_topic,studio,,True,True,0.30999999999994543,0.30999999999994543,1665.795789,0.30999999999994543
news7_20260619,news7,no_vlm,b010,t010,1780.4357889999999,topic_to_program_end,studio,,True,True,-0.11999999999989086,-0.11999999999989086,1780.315789,0.11999999999989086
news7_20260619,news7,no_transcript,b001,t001,146.215789,topic_to_topic,studio,,False,True,,-16.400000000000006,129.815789,16.400000000000006
news7_20260619,news7,no_transcript,b002,t002,606.815789,topic_to_topic,studio,,False,True,,7.2999999999999545,614.115789,7.2999999999999545
news7_20260619,news7,no_transcript,b003,t003,942.8757889999999,topic_to_topic,vtr,,True,True,-1.8599999999999,-1.8599999999999,941.015789,1.8599999999999
news7_20260619,news7,no_transcript,b004,t004,1219.405789,topic_to_topic,studio,,False,True,,12.509999999999991,1231.915789,12.509999999999991
news7_20260619,news7,no_transcript,b005,t005,1329.965789,topic_to_topic,studio,,False,True,,5.149999999999864,1335.115789,5.149999999999864
news7_20260619,news7,no_transcript,b006,t006,1480.395789,topic_to_topic,studio,,True,True,-0.7799999999999727,-0.7799999999999727,1479.615789,0.7799999999999727
news7_20260619,news7,no_transcript,b007,t007,1586.865789,topic_to_topic,bumper,,False,True,,11.25,1598.115789,11.25
news7_20260619,news7,no_transcript,b008,t008,1625.875789,topic_to_topic,bumper,,False,True,,5.6400000000001,1631.515789,5.6400000000001
news7_20260619,news7,no_transcript,b009,t009,1665.485789,topic_to_topic,studio,,True,True,-0.07000000000016371,-0.07000000000016371,1665.415789,0.07000000000016371
news7_20260619,news7,no_transcript,b010,t010,1780.4357889999999,topic_to_program_end,studio,,True,True,2.0800000000001546,2.0800000000001546,1782.515789,2.0800000000001546
news7_20260619,news7,no_vlm_no_ocr,b001,t001,146.215789,topic_to_topic,studio,,True,True,-0.6100000000000136,-0.6100000000000136,145.605789,0.6100000000000136
news7_20260619,news7,no_vlm_no_ocr,b002,t002,606.815789,topic_to_topic,studio,,True,True,-0.7799999999999727,-0.7799999999999727,606.035789,0.7799999999999727
news7_20260619,news7,no_vlm_no_ocr,b003,t003,942.8757889999999,topic_to_topic,vtr,,False,True,,-15.3599999999999,927.515789,15.3599999999999
news7_20260619,news7,no_vlm_no_ocr,b004,t004,1219.405789,topic_to_topic,studio,,True,True,-0.6299999999998818,-0.6299999999998818,1218.775789,0.6299999999998818
news7_20260619,news7,no_vlm_no_ocr,b005,t005,1329.965789,topic_to_topic,studio,,True,True,-1.040000000000191,-1.040000000000191,1328.925789,1.040000000000191
news7_20260619,news7,no_vlm_no_ocr,b006,t006,1480.395789,topic_to_topic,studio,,True,True,-0.6899999999998272,-0.6899999999998272,1479.705789,0.6899999999998272
news7_20260619,news7,no_vlm_no_ocr,b007,t007,1586.865789,topic_to_topic,bumper,,True,True,-0.75,-0.75,1586.115789,0.75
news7_20260619,news7,no_vlm_no_ocr,b008,t008,1625.875789,topic_to_topic,bumper,,False,True,,-17.559999999999945,1608.315789,17.559999999999945
news7_20260619,news7,no_vlm_no_ocr,b009,t009,1665.485789,topic_to_topic,studio,,True,True,0.30999999999994543,0.30999999999994543,1665.795789,0.30999999999994543
news7_20260619,news7,no_vlm_no_ocr,b010,t010,1780.4357889999999,topic_to_program_end,studio,,True,True,-0.959999999999809,-0.959999999999809,1779.475789,0.959999999999809
news7_20260619,news7,no_ocr,b001,t001,146.215789,topic_to_topic,studio,,True,True,-0.6100000000000136,-0.6100000000000136,145.605789,0.6100000000000136
news7_20260619,news7,no_ocr,b002,t002,606.815789,topic_to_topic,studio,,True,True,-0.7799999999999727,-0.7799999999999727,606.035789,0.7799999999999727
news7_20260619,news7,no_ocr,b003,t003,942.8757889999999,topic_to_topic,vtr,,False,True,,-17.25999999999999,925.615789,17.25999999999999
news7_20260619,news7,no_ocr,b004,t004,1219.405789,topic_to_topic,studio,,True,True,-0.6299999999998818,-0.6299999999998818,1218.775789,0.6299999999998818
news7_20260619,news7,no_ocr,b005,t005,1329.965789,topic_to_topic,studio,,True,True,-1.040000000000191,-1.040000000000191,1328.925789,1.040000000000191
news7_20260619,news7,no_ocr,b006,t006,1480.395789,topic_to_topic,studio,,True,True,-0.6899999999998272,-0.6899999999998272,1479.705789,0.6899999999998272
news7_20260619,news7,no_ocr,b007,t007,1586.865789,topic_to_topic,bumper,,True,True,-0.75,-0.75,1586.115789,0.75
news7_20260619,news7,no_ocr,b008,t008,1625.875789,topic_to_topic,bumper,,True,True,0.6800000000000637,0.6800000000000637,1626.555789,0.6800000000000637
news7_20260619,news7,no_ocr,b009,t009,1665.485789,topic_to_topic,studio,,True,True,0.30999999999994543,0.30999999999994543,1665.795789,0.30999999999994543
news7_20260619,news7,no_ocr,b010,t010,1780.4357889999999,topic_to_program_end,studio,,True,True,-0.959999999999809,-0.959999999999809,1779.475789,0.959999999999809
news7_20260622,news7,full,b001,t001,196.732656,topic_to_topic,studio,,True,True,-1.6599999999999966,-1.6599999999999966,195.072656,1.6599999999999966
news7_20260622,news7,full,b002,t002,599.782656,topic_to_topic,studio,,True,True,-0.5199999999999818,-0.5199999999999818,599.262656,0.5199999999999818
news7_20260622,news7,full,b003,t003,743.022656,topic_to_topic,studio,,True,True,-4.3799999999999955,-4.3799999999999955,738.642656,4.3799999999999955
news7_20260622,news7,full,b004,t004,853.652656,topic_to_topic,studio,,True,True,-0.38999999999998636,-0.38999999999998636,853.262656,0.38999999999998636
news7_20260622,news7,full,b005,t005,1074.0026560000001,topic_to_topic,vtr,,True,True,-1.740000000000009,-1.740000000000009,1072.262656,1.740000000000009
news7_20260622,news7,full,b006,t006,1389.772656,topic_to_topic,vtr,,False,True,,-21.50999999999999,1368.262656,21.50999999999999
news7_20260622,news7,full,b007,t007,1453.0026560000001,topic_to_topic,studio,,False,True,,-26.87000000000012,1426.132656,26.87000000000012
news7_20260622,news7,full,b008,t008,1661.882656,topic_to_topic,studio,,True,True,-1.6199999999998909,-1.6199999999998909,1660.262656,1.6199999999998909
news7_20260622,news7,full,b009,t009,1789.4926560000001,topic_to_program_end,studio,,True,True,-3.769999999999982,-3.769999999999982,1785.7226560000001,3.769999999999982
news7_20260622,news7,no_vlm,b001,t001,196.732656,topic_to_topic,studio,,True,True,-0.46999999999999886,-0.46999999999999886,196.262656,0.46999999999999886
news7_20260622,news7,no_vlm,b002,t002,599.782656,topic_to_topic,studio,,True,True,-0.5199999999999818,-0.5199999999999818,599.262656,0.5199999999999818
news7_20260622,news7,no_vlm,b003,t003,743.022656,topic_to_topic,studio,,True,True,-4.3799999999999955,-4.3799999999999955,738.642656,4.3799999999999955
news7_20260622,news7,no_vlm,b004,t004,853.652656,topic_to_topic,studio,,True,True,-0.38999999999998636,-0.38999999999998636,853.262656,0.38999999999998636
news7_20260622,news7,no_vlm,b005,t005,1074.0026560000001,topic_to_topic,vtr,,True,True,-1.740000000000009,-1.740000000000009,1072.262656,1.740000000000009
news7_20260622,news7,no_vlm,b006,t006,1389.772656,topic_to_topic,vtr,,False,True,,-21.50999999999999,1368.262656,21.50999999999999
news7_20260622,news7,no_vlm,b007,t007,1453.0026560000001,topic_to_topic,studio,,False,True,,-26.87000000000012,1426.132656,26.87000000000012
news7_20260622,news7,no_vlm,b008,t008,1661.882656,topic_to_topic,studio,,True,True,-1.6199999999998909,-1.6199999999998909,1660.262656,1.6199999999998909
news7_20260622,news7,no_vlm,b009,t009,1789.4926560000001,topic_to_program_end,studio,,True,True,-3.769999999999982,-3.769999999999982,1785.7226560000001,3.769999999999982
news7_20260622,news7,no_transcript,b001,t001,196.732656,topic_to_topic,studio,,False,True,,-7.469999999999999,189.262656,7.469999999999999
news7_20260622,news7,no_transcript,b002,t002,599.782656,topic_to_topic,studio,,True,True,-1.5199999999999818,-1.5199999999999818,598.262656,1.5199999999999818
news7_20260622,news7,no_transcript,b003,t003,743.022656,topic_to_topic,studio,,False,True,,15.240000000000009,758.262656,15.240000000000009
news7_20260622,news7,no_transcript,b004,t004,853.652656,topic_to_topic,studio,,False,True,,9.610000000000014,863.262656,9.610000000000014
news7_20260622,news7,no_transcript,b005,t005,1074.0026560000001,topic_to_topic,vtr,,False,True,,-11.740000000000009,1062.262656,11.740000000000009
news7_20260622,news7,no_transcript,b006,t006,1389.772656,topic_to_topic,vtr,,True,True,3.490000000000009,3.490000000000009,1393.262656,3.490000000000009
news7_20260622,news7,no_transcript,b007,t007,1453.0026560000001,topic_to_topic,studio,,True,True,-2.240000000000009,-2.240000000000009,1450.762656,2.240000000000009
news7_20260622,news7,no_transcript,b008,t008,1661.882656,topic_to_topic,studio,,True,True,-0.6199999999998909,-0.6199999999998909,1661.262656,0.6199999999998909
news7_20260622,news7,no_transcript,b009,t009,1789.4926560000001,topic_to_program_end,studio,,False,True,,-16.230000000000018,1773.262656,16.230000000000018
news7_20260622,news7,no_vlm_no_ocr,b001,t001,196.732656,topic_to_topic,studio,,True,True,-0.7299999999999898,-0.7299999999999898,196.002656,0.7299999999999898
news7_20260622,news7,no_vlm_no_ocr,b002,t002,599.782656,topic_to_topic,studio,,True,True,-0.8400000000000318,-0.8400000000000318,598.9426559999999,0.8400000000000318
news7_20260622,news7,no_vlm_no_ocr,b003,t003,743.022656,topic_to_topic,studio,,True,True,-4.3799999999999955,-4.3799999999999955,738.642656,4.3799999999999955
news7_20260622,news7,no_vlm_no_ocr,b004,t004,853.652656,topic_to_topic,studio,,True,True,-2.3899999999999864,-2.3899999999999864,851.262656,2.3899999999999864
news7_20260622,news7,no_vlm_no_ocr,b005,t005,1074.0026560000001,topic_to_topic,vtr,,True,True,-0.6800000000000637,-0.6800000000000637,1073.322656,0.6800000000000637
news7_20260622,news7,no_vlm_no_ocr,b006,t006,1389.772656,topic_to_topic,vtr,,False,False,,,1426.132656,36.3599999999999
news7_20260622,news7,no_vlm_no_ocr,b007,t007,1453.0026560000001,topic_to_topic,studio,,False,True,,-26.87000000000012,1426.132656,26.87000000000012
news7_20260622,news7,no_vlm_no_ocr,b008,t008,1661.882656,topic_to_topic,studio,,True,True,-1.3299999999999272,-1.3299999999999272,1660.552656,1.3299999999999272
news7_20260622,news7,no_vlm_no_ocr,b009,t009,1789.4926560000001,topic_to_program_end,studio,,True,True,-0.7999999999999545,-0.7999999999999545,1788.6926560000002,0.7999999999999545
news7_20260622,news7,no_ocr,b001,t001,196.732656,topic_to_topic,studio,,True,True,-1.6599999999999966,-1.6599999999999966,195.072656,1.6599999999999966
news7_20260622,news7,no_ocr,b002,t002,599.782656,topic_to_topic,studio,,True,True,-0.8400000000000318,-0.8400000000000318,598.9426559999999,0.8400000000000318
news7_20260622,news7,no_ocr,b003,t003,743.022656,topic_to_topic,studio,,True,True,-4.3799999999999955,-4.3799999999999955,738.642656,4.3799999999999955
news7_20260622,news7,no_ocr,b004,t004,853.652656,topic_to_topic,studio,,True,True,-2.3899999999999864,-2.3899999999999864,851.262656,2.3899999999999864
news7_20260622,news7,no_ocr,b005,t005,1074.0026560000001,topic_to_topic,vtr,,True,True,-0.6800000000000637,-0.6800000000000637,1073.322656,0.6800000000000637
news7_20260622,news7,no_ocr,b006,t006,1389.772656,topic_to_topic,vtr,,False,True,,-21.50999999999999,1368.262656,21.50999999999999
news7_20260622,news7,no_ocr,b007,t007,1453.0026560000001,topic_to_topic,studio,,False,True,,-26.87000000000012,1426.132656,26.87000000000012
news7_20260622,news7,no_ocr,b008,t008,1661.882656,topic_to_topic,studio,,True,True,-1.3299999999999272,-1.3299999999999272,1660.552656,1.3299999999999272
news7_20260622,news7,no_ocr,b009,t009,1789.4926560000001,topic_to_program_end,studio,,True,True,-3.769999999999982,-3.769999999999982,1785.7226560000001,3.769999999999982
news7_20260627,news7,full,b001,t001,750.760122,topic_to_topic,studio,,True,True,-0.4500000000000455,-0.4500000000000455,750.310122,0.4500000000000455
news7_20260627,news7,full,b002,t002,1092.130122,topic_to_topic,studio,,True,True,-3.8199999999999363,-3.8199999999999363,1088.310122,3.8199999999999363
news7_20260627,news7,full,b003,t003,1449.120122,topic_to_topic,studio,,False,True,,-16.24000000000001,1432.880122,16.24000000000001
news7_20260627,news7,full,b004,t004,1571.6901220000002,topic_to_topic,studio,,False,True,,-6.910000000000082,1564.7801220000001,6.910000000000082
news7_20260627,news7,full,b005,t005,1679.150122,topic_to_topic,studio,,True,True,-1.2300000000000182,-1.2300000000000182,1677.920122,1.2300000000000182
news7_20260627,news7,full,b006,t006,1790.560122,topic_to_program_end,studio,,True,True,-2.25,-2.25,1788.310122,2.25
news7_20260627,news7,no_vlm,b001,t001,750.760122,topic_to_topic,studio,,True,True,-2.2200000000000273,-2.2200000000000273,748.540122,2.2200000000000273
news7_20260627,news7,no_vlm,b002,t002,1092.130122,topic_to_topic,studio,,True,True,-3.8199999999999363,-3.8199999999999363,1088.310122,3.8199999999999363
news7_20260627,news7,no_vlm,b003,t003,1449.120122,topic_to_topic,studio,,True,True,-0.8099999999999454,-0.8099999999999454,1448.310122,0.8099999999999454
news7_20260627,news7,no_vlm,b004,t004,1571.6901220000002,topic_to_topic,studio,,False,True,,-6.910000000000082,1564.7801220000001,6.910000000000082
news7_20260627,news7,no_vlm,b005,t005,1679.150122,topic_to_topic,studio,,True,True,-1.2300000000000182,-1.2300000000000182,1677.920122,1.2300000000000182
news7_20260627,news7,no_vlm,b006,t006,1790.560122,topic_to_program_end,studio,,True,True,-2.509999999999991,-2.509999999999991,1788.050122,2.509999999999991
news7_20260627,news7,no_transcript,b001,t001,750.760122,topic_to_topic,studio,,True,True,4.349999999999909,4.349999999999909,755.1101219999999,4.349999999999909
news7_20260627,news7,no_transcript,b002,t002,1092.130122,topic_to_topic,studio,,False,True,,8.779999999999973,1100.910122,8.779999999999973
news7_20260627,news7,no_transcript,b003,t003,1449.120122,topic_to_topic,studio,,False,True,,-6.009999999999991,1443.110122,6.009999999999991
news7_20260627,news7,no_transcript,b004,t004,1571.6901220000002,topic_to_topic,studio,,False,True,,5.2199999999998,1576.910122,5.2199999999998
news7_20260627,news7,no_transcript,b005,t005,1679.150122,topic_to_topic,studio,,True,True,-4.439999999999827,-4.439999999999827,1674.7101220000002,4.439999999999827
news7_20260627,news7,no_transcript,b006,t006,1790.560122,topic_to_program_end,studio,,False,True,,6.650000000000091,1797.2101220000002,6.650000000000091
news7_20260627,news7,no_vlm_no_ocr,b001,t001,750.760122,topic_to_topic,studio,,True,True,-0.6600000000000819,-0.6600000000000819,750.1001219999999,0.6600000000000819
news7_20260627,news7,no_vlm_no_ocr,b002,t002,1092.130122,topic_to_topic,studio,,True,True,-0.75,-0.75,1091.380122,0.75
news7_20260627,news7,no_vlm_no_ocr,b003,t003,1449.120122,topic_to_topic,studio,,True,True,-3.619999999999891,-3.619999999999891,1445.5001220000001,3.619999999999891
news7_20260627,news7,no_vlm_no_ocr,b004,t004,1571.6901220000002,topic_to_topic,studio,,False,True,,-6.910000000000082,1564.7801220000001,6.910000000000082
news7_20260627,news7,no_vlm_no_ocr,b005,t005,1679.150122,topic_to_topic,studio,,True,True,-0.7799999999999727,-0.7799999999999727,1678.370122,0.7799999999999727
news7_20260627,news7,no_vlm_no_ocr,b006,t006,1790.560122,topic_to_program_end,studio,,True,True,-2.509999999999991,-2.509999999999991,1788.050122,2.509999999999991
news7_20260627,news7,no_ocr,b001,t001,750.760122,topic_to_topic,studio,,True,True,-0.6600000000000819,-0.6600000000000819,750.1001219999999,0.6600000000000819
news7_20260627,news7,no_ocr,b002,t002,1092.130122,topic_to_topic,studio,,True,True,-0.75,-0.75,1091.380122,0.75
news7_20260627,news7,no_ocr,b003,t003,1449.120122,topic_to_topic,studio,,True,True,-3.619999999999891,-3.619999999999891,1445.5001220000001,3.619999999999891
news7_20260627,news7,no_ocr,b004,t004,1571.6901220000002,topic_to_topic,studio,,False,True,,-6.910000000000082,1564.7801220000001,6.910000000000082
news7_20260627,news7,no_ocr,b005,t005,1679.150122,topic_to_topic,studio,,True,True,-0.7799999999999727,-0.7799999999999727,1678.370122,0.7799999999999727
news7_20260627,news7,no_ocr,b006,t006,1790.560122,topic_to_program_end,studio,,True,True,-2.509999999999991,-2.509999999999991,1788.050122,2.509999999999991
wbs_20260507,wbs,full,b001,t001,608.604733,topic_to_non_editorial,studio,,False,True,,17.75,626.354733,17.75
wbs_20260507,wbs,full,b002,t002,909.5347330000001,topic_to_topic,studio,,True,True,-0.4800000000000182,-0.4800000000000182,909.054733,0.4800000000000182
wbs_20260507,wbs,full,b003,t003,1264.194733,topic_to_topic,studio,,True,True,-0.4700000000000273,-0.4700000000000273,1263.724733,0.4700000000000273
wbs_20260507,wbs,full,b004,t004,1336.594733,topic_to_topic,vtr,,True,True,-1.5399999999999636,-1.5399999999999636,1335.054733,1.5399999999999636
wbs_20260507,wbs,full,b005,t005,1382.184733,topic_to_topic,vtr,,False,True,,-14.13000000000011,1368.054733,14.13000000000011
wbs_20260507,wbs,full,b006,t006,1417.754733,topic_to_topic,vtr,,True,True,-0.7000000000000455,-0.7000000000000455,1417.054733,0.7000000000000455
wbs_20260507,wbs,full,b007,t007,1462.454733,topic_to_topic,vtr,,False,False,,,1488.054733,25.59999999999991
wbs_20260507,wbs,full,b008,t008,1497.554733,topic_to_non_editorial,sponsor,,False,True,,-9.5,1488.054733,9.5
wbs_20260507,wbs,full,b009,t009,1965.3847329999999,topic_to_non_editorial,program_teaser,,True,True,2.5900000000001455,2.5900000000001455,1967.974733,2.5900000000001455
wbs_20260507,wbs,full,b010,t010,2445.124733,topic_to_non_editorial,program_teaser,,True,True,-3.850000000000364,-3.850000000000364,2441.2747329999997,3.850000000000364
wbs_20260507,wbs,full,b011,t011,2710.994733,topic_to_topic,studio,,True,True,-0.9400000000000546,-0.9400000000000546,2710.054733,0.9400000000000546
wbs_20260507,wbs,full,b012,t012,2754.164733,topic_to_non_editorial,program_teaser,,False,True,,29.15000000000009,2783.314733,29.15000000000009
wbs_20260507,wbs,full,b013,t013,2919.214733,topic_to_topic,bumper,,False,True,,8.840000000000146,2928.054733,8.840000000000146
wbs_20260507,wbs,full,b014,t014,2945.424733,topic_to_topic,bumper,,False,False,,,2928.054733,17.36999999999989
wbs_20260507,wbs,full,b015,t015,3025.2747329999997,topic_to_non_editorial,studio,,False,True,,9.490000000000236,3034.764733,9.490000000000236
wbs_20260507,wbs,full,b016,t016,3297.594733,topic_to_topic,studio,,True,True,-0.900000000000091,-0.900000000000091,3296.694733,0.900000000000091
wbs_20260507,wbs,full,b017,t017,3365.644733,topic_to_program_end,other (WBS ending),,False,False,,,3399.174733,33.529999999999745
wbs_20260507,wbs,no_vlm,b001,t001,608.604733,topic_to_non_editorial,studio,,False,True,,17.75,626.354733,17.75
wbs_20260507,wbs,no_vlm,b002,t002,909.5347330000001,topic_to_topic,studio,,True,True,-0.4800000000000182,-0.4800000000000182,909.054733,0.4800000000000182
wbs_20260507,wbs,no_vlm,b003,t003,1264.194733,topic_to_topic,studio,,True,True,-0.4700000000000273,-0.4700000000000273,1263.724733,0.4700000000000273
wbs_20260507,wbs,no_vlm,b004,t004,1336.594733,topic_to_topic,vtr,,True,True,-1.5399999999999636,-1.5399999999999636,1335.054733,1.5399999999999636
wbs_20260507,wbs,no_vlm,b005,t005,1382.184733,topic_to_topic,vtr,,False,True,,-14.13000000000011,1368.054733,14.13000000000011
wbs_20260507,wbs,no_vlm,b006,t006,1417.754733,topic_to_topic,vtr,,False,True,,10.299999999999955,1428.054733,10.299999999999955
wbs_20260507,wbs,no_vlm,b007,t007,1462.454733,topic_to_topic,vtr,,False,True,,10.599999999999909,1473.054733,10.599999999999909
wbs_20260507,wbs,no_vlm,b008,t008,1497.554733,topic_to_non_editorial,sponsor,,False,True,,-9.5,1488.054733,9.5
wbs_20260507,wbs,no_vlm,b009,t009,1965.3847329999999,topic_to_non_editorial,program_teaser,,True,True,2.6700000000000728,2.6700000000000728,1968.054733,2.6700000000000728
wbs_20260507,wbs,no_vlm,b010,t010,2445.124733,topic_to_non_editorial,program_teaser,,True,True,2.9299999999998363,2.9299999999998363,2448.054733,2.9299999999998363
wbs_20260507,wbs,no_vlm,b011,t011,2710.994733,topic_to_topic,studio,,True,True,-1.4200000000000728,-1.4200000000000728,2709.574733,1.4200000000000728
wbs_20260507,wbs,no_vlm,b012,t012,2754.164733,topic_to_non_editorial,program_teaser,,False,True,,-6.110000000000127,2748.054733,6.110000000000127
wbs_20260507,wbs,no_vlm,b013,t013,2919.214733,topic_to_topic,bumper,,False,True,,8.840000000000146,2928.054733,8.840000000000146
wbs_20260507,wbs,no_vlm,b014,t014,2945.424733,topic_to_topic,bumper,,False,False,,,2928.054733,17.36999999999989
wbs_20260507,wbs,no_vlm,b015,t015,3025.2747329999997,topic_to_non_editorial,studio,,False,True,,22.7800000000002,3048.054733,22.7800000000002
wbs_20260507,wbs,no_vlm,b016,t016,3297.594733,topic_to_topic,studio,,True,True,-0.900000000000091,-0.900000000000091,3296.694733,0.900000000000091
wbs_20260507,wbs,no_vlm,b017,t017,3365.644733,topic_to_program_end,other (WBS ending),,False,True,,-17.590000000000146,3348.054733,17.590000000000146
wbs_20260507,wbs,no_transcript,b001,t001,608.604733,topic_to_non_editorial,studio,,False,True,,29.450000000000045,638.054733,29.450000000000045
wbs_20260507,wbs,no_transcript,b002,t002,909.5347330000001,topic_to_topic,studio,,False,True,,28.519999999999982,938.054733,28.519999999999982
wbs_20260507,wbs,no_transcript,b003,t003,1264.194733,topic_to_topic,studio,,False,True,,-16.1400000000001,1248.054733,16.1400000000001
wbs_20260507,wbs,no_transcript,b004,t004,1336.594733,topic_to_topic,vtr,,True,True,1.4600000000000364,1.4600000000000364,1338.054733,1.4600000000000364
wbs_20260507,wbs,no_transcript,b005,t005,1382.184733,topic_to_topic,vtr,,True,True,-4.130000000000109,-4.130000000000109,1378.054733,4.130000000000109
wbs_20260507,wbs,no_transcript,b006,t006,1417.754733,topic_to_topic,vtr,,False,True,,10.299999999999955,1428.054733,10.299999999999955
wbs_20260507,wbs,no_transcript,b007,t007,1462.454733,topic_to_topic,vtr,,True,True,-3.400000000000091,-3.400000000000091,1459.054733,3.400000000000091
wbs_20260507,wbs,no_transcript,b008,t008,1497.554733,topic_to_non_editorial,sponsor,,False,False,,,1459.054733,38.5
wbs_20260507,wbs,no_transcript,b009,t009,1965.3847329999999,topic_to_non_editorial,program_teaser,,True,True,2.6700000000000728,2.6700000000000728,1968.054733,2.6700000000000728
wbs_20260507,wbs,no_transcript,b010,t010,2445.124733,topic_to_non_editorial,program_teaser,,True,True,2.9299999999998363,2.9299999999998363,2448.054733,2.9299999999998363
wbs_20260507,wbs,no_transcript,b011,t011,2710.994733,topic_to_topic,studio,,False,False,,,2748.054733,37.059999999999945
wbs_20260507,wbs,no_transcript,b012,t012,2754.164733,topic_to_non_editorial,program_teaser,,False,True,,-6.110000000000127,2748.054733,6.110000000000127
wbs_20260507,wbs,no_transcript,b013,t013,2919.214733,topic_to_topic,bumper,,True,True,3.8400000000001455,3.8400000000001455,2923.054733,3.8400000000001455
wbs_20260507,wbs,no_transcript,b014,t014,2945.424733,topic_to_topic,bumper,,False,True,,7.630000000000109,2953.054733,7.630000000000109
wbs_20260507,wbs,no_transcript,b015,t015,3025.2747329999997,topic_to_non_editorial,studio,,False,True,,9.490000000000236,3034.764733,9.490000000000236
wbs_20260507,wbs,no_transcript,b016,t016,3297.594733,topic_to_topic,studio,,False,True,,10.460000000000036,3308.054733,10.460000000000036
wbs_20260507,wbs,no_transcript,b017,t017,3365.644733,topic_to_program_end,other (WBS ending),,False,False,,,3399.174733,33.529999999999745
wbs_20260507,wbs,no_vlm_no_ocr,b001,t001,608.604733,topic_to_non_editorial,studio,,False,True,,17.75,626.354733,17.75
wbs_20260507,wbs,no_vlm_no_ocr,b002,t002,909.5347330000001,topic_to_topic,studio,,True,True,-0.7599999999999909,-0.7599999999999909,908.7747330000001,0.7599999999999909
wbs_20260507,wbs,no_vlm_no_ocr,b003,t003,1264.194733,topic_to_topic,studio,,True,True,-0.4700000000000273,-0.4700000000000273,1263.724733,0.4700000000000273
wbs_20260507,wbs,no_vlm_no_ocr,b004,t004,1336.594733,topic_to_topic,vtr,,True,True,-1.5399999999999636,-1.5399999999999636,1335.054733,1.5399999999999636
wbs_20260507,wbs,no_vlm_no_ocr,b005,t005,1382.184733,topic_to_topic,vtr,,False,True,,-14.13000000000011,1368.054733,14.13000000000011
wbs_20260507,wbs,no_vlm_no_ocr,b006,t006,1417.754733,topic_to_topic,vtr,,True,True,-1.7000000000000455,-1.7000000000000455,1416.054733,1.7000000000000455
wbs_20260507,wbs,no_vlm_no_ocr,b007,t007,1462.454733,topic_to_topic,vtr,,False,False,,,1488.054733,25.59999999999991
wbs_20260507,wbs,no_vlm_no_ocr,b008,t008,1497.554733,topic_to_non_editorial,sponsor,,False,True,,-9.5,1488.054733,9.5
wbs_20260507,wbs,no_vlm_no_ocr,b009,t009,1965.3847329999999,topic_to_non_editorial,program_teaser,,True,True,2.6700000000000728,2.6700000000000728,1968.054733,2.6700000000000728
wbs_20260507,wbs,no_vlm_no_ocr,b010,t010,2445.124733,topic_to_non_editorial,program_teaser,,True,True,-3.850000000000364,-3.850000000000364,2441.2747329999997,3.850000000000364
wbs_20260507,wbs,no_vlm_no_ocr,b011,t011,2710.994733,topic_to_topic,studio,,True,True,-1.1199999999998909,-1.1199999999998909,2709.874733,1.1199999999998909
wbs_20260507,wbs,no_vlm_no_ocr,b012,t012,2754.164733,topic_to_non_editorial,program_teaser,,False,True,,-6.110000000000127,2748.054733,6.110000000000127
wbs_20260507,wbs,no_vlm_no_ocr,b013,t013,2919.214733,topic_to_topic,bumper,,False,True,,8.840000000000146,2928.054733,8.840000000000146
wbs_20260507,wbs,no_vlm_no_ocr,b014,t014,2945.424733,topic_to_topic,bumper,,False,False,,,2928.054733,17.36999999999989
wbs_20260507,wbs,no_vlm_no_ocr,b015,t015,3025.2747329999997,topic_to_non_editorial,studio,,False,True,,22.7800000000002,3048.054733,22.7800000000002
wbs_20260507,wbs,no_vlm_no_ocr,b016,t016,3297.594733,topic_to_topic,studio,,True,True,-0.900000000000091,-0.900000000000091,3296.694733,0.900000000000091
wbs_20260507,wbs,no_vlm_no_ocr,b017,t017,3365.644733,topic_to_program_end,other (WBS ending),,False,True,,-17.590000000000146,3348.054733,17.590000000000146
wbs_20260507,wbs,no_ocr,b001,t001,608.604733,topic_to_non_editorial,studio,,False,True,,17.75,626.354733,17.75
wbs_20260507,wbs,no_ocr,b002,t002,909.5347330000001,topic_to_topic,studio,,True,True,-0.7599999999999909,-0.7599999999999909,908.7747330000001,0.7599999999999909
wbs_20260507,wbs,no_ocr,b003,t003,1264.194733,topic_to_topic,studio,,True,True,-0.4700000000000273,-0.4700000000000273,1263.724733,0.4700000000000273
wbs_20260507,wbs,no_ocr,b004,t004,1336.594733,topic_to_topic,vtr,,True,True,-1.5399999999999636,-1.5399999999999636,1335.054733,1.5399999999999636
wbs_20260507,wbs,no_ocr,b005,t005,1382.184733,topic_to_topic,vtr,,False,True,,-14.13000000000011,1368.054733,14.13000000000011
wbs_20260507,wbs,no_ocr,b006,t006,1417.754733,topic_to_topic,vtr,,True,True,-1.7000000000000455,-1.7000000000000455,1416.054733,1.7000000000000455
wbs_20260507,wbs,no_ocr,b007,t007,1462.454733,topic_to_topic,vtr,,False,False,,,1428.054733,34.40000000000009
wbs_20260507,wbs,no_ocr,b008,t008,1497.554733,topic_to_non_editorial,sponsor,,False,False,,,1546.744733,49.190000000000055
wbs_20260507,wbs,no_ocr,b009,t009,1965.3847329999999,topic_to_non_editorial,program_teaser,,True,True,2.5900000000001455,2.5900000000001455,1967.974733,2.5900000000001455
wbs_20260507,wbs,no_ocr,b010,t010,2445.124733,topic_to_non_editorial,program_teaser,,True,True,2.9299999999998363,2.9299999999998363,2448.054733,2.9299999999998363
wbs_20260507,wbs,no_ocr,b011,t011,2710.994733,topic_to_topic,studio,,True,True,-1.1199999999998909,-1.1199999999998909,2709.874733,1.1199999999998909
wbs_20260507,wbs,no_ocr,b012,t012,2754.164733,topic_to_non_editorial,program_teaser,,False,False,,,2785.934733,31.769999999999982
wbs_20260507,wbs,no_ocr,b013,t013,2919.214733,topic_to_topic,bumper,,False,True,,8.840000000000146,2928.054733,8.840000000000146
wbs_20260507,wbs,no_ocr,b014,t014,2945.424733,topic_to_topic,bumper,,True,True,-2.619999999999891,-2.619999999999891,2942.804733,2.619999999999891
wbs_20260507,wbs,no_ocr,b015,t015,3025.2747329999997,topic_to_non_editorial,studio,,False,True,,9.490000000000236,3034.764733,9.490000000000236
wbs_20260507,wbs,no_ocr,b016,t016,3297.594733,topic_to_topic,studio,,True,True,-0.900000000000091,-0.900000000000091,3296.694733,0.900000000000091
wbs_20260507,wbs,no_ocr,b017,t017,3365.644733,topic_to_program_end,other (WBS ending),,False,False,,,3403.054733,37.409999999999854
wbs_20260514,wbs,full,b001,t001,893.8817670000001,topic_to_non_editorial,studio,,False,True,,15.129999999999995,909.0117670000001,15.129999999999995
wbs_20260514,wbs,full,b002,t002,1224.3017670000002,topic_to_topic,studio,,True,True,0.11999999999989086,0.11999999999989086,1224.421767,0.11999999999989086
wbs_20260514,wbs,full,b003,t003,1294.5617670000001,topic_to_topic,vtr,,True,True,-0.09000000000014552,-0.09000000000014552,1294.471767,0.09000000000014552
wbs_20260514,wbs,full,b004,t004,1327.691767,topic_to_topic,vtr,,False,True,,-19.269999999999982,1308.421767,19.269999999999982
wbs_20260514,wbs,full,b005,t005,1362.961767,topic_to_topic,vtr,,True,True,-1.5399999999999636,-1.5399999999999636,1361.421767,1.5399999999999636
wbs_20260514,wbs,full,b006,t006,1421.651767,topic_to_topic,vtr,,True,True,-0.2300000000000182,-0.2300000000000182,1421.421767,0.2300000000000182
wbs_20260514,wbs,full,b007,t007,1457.121767,topic_to_non_editorial,sponsor,,False,False,,,1487.3017670000002,30.180000000000064
wbs_20260514,wbs,full,b008,t008,1946.761767,topic_to_non_editorial,bumper,,True,True,-2.339999999999918,-2.339999999999918,1944.421767,2.339999999999918
wbs_20260514,wbs,full,b009,t009,2280.9117669999996,topic_to_non_editorial,program_teaser,,True,True,-0.5,-0.5,2280.4117669999996,0.5
wbs_20260514,wbs,full,b010,t010,2645.951767,topic_to_non_editorial,bumper,,False,True,,5.209999999999582,2651.1617669999996,5.209999999999582
wbs_20260514,wbs,full,b011,t011,2815.921767,topic_to_topic,bumper,,True,True,-1.5,-1.5,2814.421767,1.5
wbs_20260514,wbs,full,b012,t012,2843.261767,topic_to_topic,bumper,,False,False,,,2868.421767,25.159999999999854
wbs_20260514,wbs,full,b013,t013,2872.0817669999997,topic_to_topic,bumper,,True,True,-3.6599999999998545,-3.6599999999998545,2868.421767,3.6599999999998545
wbs_20260514,wbs,full,b014,t014,2901.1017669999997,topic_to_non_editorial,program_teaser,,False,True,,5.059999999999945,2906.1617669999996,5.059999999999945
wbs_20260514,wbs,full,b015,t015,3175.881767,topic_to_topic,vtr,,True,True,-1.4600000000000364,-1.4600000000000364,3174.421767,1.4600000000000364
wbs_20260514,wbs,full,b016,t016,3204.401767,topic_to_topic,vtr,,True,True,-0.9800000000000182,-0.9800000000000182,3203.421767,0.9800000000000182
wbs_20260514,wbs,full,b017,t017,3237.531767,topic_to_topic,vtr,,True,True,-1.1100000000001273,-1.1100000000001273,3236.421767,1.1100000000001273
wbs_20260514,wbs,full,b018,t018,3272.7917669999997,topic_to_topic,studio,,True,True,-1.0399999999999636,-1.0399999999999636,3271.7517669999997,1.0399999999999636
wbs_20260514,wbs,full,b019,t019,3365.2517669999997,topic_to_program_end,other (WBS ending),,False,True,,26.86999999999989,3392.1217669999996,26.86999999999989
wbs_20260514,wbs,no_vlm,b001,t001,893.8817670000001,topic_to_non_editorial,studio,,False,True,,15.129999999999995,909.0117670000001,15.129999999999995
wbs_20260514,wbs,no_vlm,b002,t002,1224.3017670000002,topic_to_topic,studio,,True,True,-0.290000000000191,-0.290000000000191,1224.011767,0.290000000000191
wbs_20260514,wbs,no_vlm,b003,t003,1294.5617670000001,topic_to_topic,vtr,,True,True,-0.09000000000014552,-0.09000000000014552,1294.471767,0.09000000000014552
wbs_20260514,wbs,no_vlm,b004,t004,1327.691767,topic_to_topic,vtr,,False,True,,-19.269999999999982,1308.421767,19.269999999999982
wbs_20260514,wbs,no_vlm,b005,t005,1362.961767,topic_to_topic,vtr,,True,True,-1.5399999999999636,-1.5399999999999636,1361.421767,1.5399999999999636
wbs_20260514,wbs,no_vlm,b006,t006,1421.651767,topic_to_topic,vtr,,True,True,-0.2300000000000182,-0.2300000000000182,1421.421767,0.2300000000000182
wbs_20260514,wbs,no_vlm,b007,t007,1457.121767,topic_to_non_editorial,sponsor,,False,False,,,1488.421767,31.299999999999955
wbs_20260514,wbs,no_vlm,b008,t008,1946.761767,topic_to_non_editorial,bumper,,True,True,-2.339999999999918,-2.339999999999918,1944.421767,2.339999999999918
wbs_20260514,wbs,no_vlm,b009,t009,2280.9117669999996,topic_to_non_editorial,program_teaser,,True,True,-0.5,-0.5,2280.4117669999996,0.5
wbs_20260514,wbs,no_vlm,b010,t010,2645.951767,topic_to_non_editorial,bumper,,False,False,,,2688.421767,42.4699999999998
wbs_20260514,wbs,no_vlm,b011,t011,2815.921767,topic_to_topic,bumper,,False,True,,-7.5,2808.421767,7.5
wbs_20260514,wbs,no_vlm,b012,t012,2843.261767,topic_to_topic,bumper,,True,True,-0.8400000000001455,-0.8400000000001455,2842.421767,0.8400000000001455
wbs_20260514,wbs,no_vlm,b013,t013,2872.0817669999997,topic_to_topic,bumper,,True,True,-3.6599999999998545,-3.6599999999998545,2868.421767,3.6599999999998545
wbs_20260514,wbs,no_vlm,b014,t014,2901.1017669999997,topic_to_non_editorial,program_teaser,,False,True,,27.320000000000164,2928.421767,27.320000000000164
wbs_20260514,wbs,no_vlm,b015,t015,3175.881767,topic_to_topic,vtr,,False,True,,-7.460000000000036,3168.421767,7.460000000000036
wbs_20260514,wbs,no_vlm,b016,t016,3204.401767,topic_to_topic,vtr,,True,True,-0.9800000000000182,-0.9800000000000182,3203.421767,0.9800000000000182
wbs_20260514,wbs,no_vlm,b017,t017,3237.531767,topic_to_topic,vtr,,False,True,,-9.110000000000127,3228.421767,9.110000000000127
wbs_20260514,wbs,no_vlm,b018,t018,3272.7917669999997,topic_to_topic,studio,,False,True,,15.63000000000011,3288.421767,15.63000000000011
wbs_20260514,wbs,no_vlm,b019,t019,3365.2517669999997,topic_to_program_end,other (WBS ending),,False,False,,,3408.421767,43.17000000000007
wbs_20260514,wbs,no_transcript,b001,t001,893.8817670000001,topic_to_non_editorial,studio,,False,True,,-5.460000000000036,888.421767,5.460000000000036
wbs_20260514,wbs,no_transcript,b002,t002,1224.3017670000002,topic_to_topic,studio,,False,True,,24.11999999999989,1248.421767,24.11999999999989
wbs_20260514,wbs,no_transcript,b003,t003,1294.5617670000001,topic_to_topic,vtr,,False,True,,13.8599999999999,1308.421767,13.8599999999999
wbs_20260514,wbs,no_transcript,b004,t004,1327.691767,topic_to_topic,vtr,,True,True,0.7300000000000182,0.7300000000000182,1328.421767,0.7300000000000182
wbs_20260514,wbs,no_transcript,b005,t005,1362.961767,topic_to_topic,vtr,,False,True,,-14.539999999999964,1348.421767,14.539999999999964
wbs_20260514,wbs,no_transcript,b006,t006,1421.651767,topic_to_topic,vtr,,False,True,,6.769999999999982,1428.421767,6.769999999999982
wbs_20260514,wbs,no_transcript,b007,t007,1457.121767,topic_to_non_editorial,sponsor,,False,True,,25.440000000000055,1482.5617670000001,25.440000000000055
wbs_20260514,wbs,no_transcript,b008,t008,1946.761767,topic_to_non_editorial,bumper,,False,True,,15.420000000000073,1962.181767,15.420000000000073
wbs_20260514,wbs,no_transcript,b009,t009,2280.9117669999996,topic_to_non_editorial,program_teaser,,False,True,,7.470000000000255,2288.381767,7.470000000000255
wbs_20260514,wbs,no_transcript,b010,t010,2645.951767,topic_to_non_editorial,bumper,,False,True,,5.209999999999582,2651.1617669999996,5.209999999999582
wbs_20260514,wbs,no_transcript,b011,t011,2815.921767,topic_to_topic,bumper,,False,True,,-7.5,2808.421767,7.5
wbs_20260514,wbs,no_transcript,b012,t012,2843.261767,topic_to_topic,bumper,,False,True,,-14.840000000000146,2828.421767,14.840000000000146
wbs_20260514,wbs,no_transcript,b013,t013,2872.0817669999997,topic_to_topic,bumper,,True,True,-3.6599999999998545,-3.6599999999998545,2868.421767,3.6599999999998545
wbs_20260514,wbs,no_transcript,b014,t014,2901.1017669999997,topic_to_non_editorial,program_teaser,,False,True,,5.059999999999945,2906.1617669999996,5.059999999999945
wbs_20260514,wbs,no_transcript,b015,t015,3175.881767,topic_to_topic,vtr,,False,True,,-7.460000000000036,3168.421767,7.460000000000036
wbs_20260514,wbs,no_transcript,b016,t016,3204.401767,topic_to_topic,vtr,,False,True,,-5.980000000000018,3198.421767,5.980000000000018
wbs_20260514,wbs,no_transcript,b017,t017,3237.531767,topic_to_topic,vtr,,False,True,,-9.110000000000127,3228.421767,9.110000000000127
wbs_20260514,wbs,no_transcript,b018,t018,3272.7917669999997,topic_to_topic,studio,,True,True,-1.0399999999999636,-1.0399999999999636,3271.7517669999997,1.0399999999999636
wbs_20260514,wbs,no_transcript,b019,t019,3365.2517669999997,topic_to_program_end,other (WBS ending),,False,False,,,3400.171767,34.92000000000007
wbs_20260514,wbs,no_vlm_no_ocr,b001,t001,893.8817670000001,topic_to_non_editorial,studio,,False,True,,15.129999999999995,909.0117670000001,15.129999999999995
wbs_20260514,wbs,no_vlm_no_ocr,b002,t002,1224.3017670000002,topic_to_topic,studio,,True,True,-0.290000000000191,-0.290000000000191,1224.011767,0.290000000000191
wbs_20260514,wbs,no_vlm_no_ocr,b003,t003,1294.5617670000001,topic_to_topic,vtr,,True,True,-0.09000000000014552,-0.09000000000014552,1294.471767,0.09000000000014552
wbs_20260514,wbs,no_vlm_no_ocr,b004,t004,1327.691767,topic_to_topic,vtr,,False,True,,-19.269999999999982,1308.421767,19.269999999999982
wbs_20260514,wbs,no_vlm_no_ocr,b005,t005,1362.961767,topic_to_topic,vtr,,True,True,0.06999999999993634,0.06999999999993634,1363.031767,0.06999999999993634
wbs_20260514,wbs,no_vlm_no_ocr,b006,t006,1421.651767,topic_to_topic,vtr,,False,True,,6.769999999999982,1428.421767,6.769999999999982
wbs_20260514,wbs,no_vlm_no_ocr,b007,t007,1457.121767,topic_to_non_editorial,sponsor,,False,True,,17.299999999999955,1474.421767,17.299999999999955
wbs_20260514,wbs,no_vlm_no_ocr,b008,t008,1946.761767,topic_to_non_editorial,bumper,,False,True,,-16.339999999999918,1930.421767,16.339999999999918
wbs_20260514,wbs,no_vlm_no_ocr,b009,t009,2280.9117669999996,topic_to_non_editorial,program_teaser,,False,True,,10.510000000000218,2291.421767,10.510000000000218
wbs_20260514,wbs,no_vlm_no_ocr,b010,t010,2645.951767,topic_to_non_editorial,bumper,,False,True,,13.4699999999998,2659.421767,13.4699999999998
wbs_20260514,wbs,no_vlm_no_ocr,b011,t011,2815.921767,topic_to_topic,bumper,,False,True,,-7.5,2808.421767,7.5
wbs_20260514,wbs,no_vlm_no_ocr,b012,t012,2843.261767,topic_to_topic,bumper,,True,True,-1.0199999999999818,-1.0199999999999818,2842.241767,1.0199999999999818
wbs_20260514,wbs,no_vlm_no_ocr,b013,t013,2872.0817669999997,topic_to_topic,bumper,,True,True,-3.6599999999998545,-3.6599999999998545,2868.421767,3.6599999999998545
wbs_20260514,wbs,no_vlm_no_ocr,b014,t014,2901.1017669999997,topic_to_non_editorial,program_teaser,,True,True,2.3200000000001637,2.3200000000001637,2903.421767,2.3200000000001637
wbs_20260514,wbs,no_vlm_no_ocr,b015,t015,3175.881767,topic_to_topic,vtr,,False,True,,-7.460000000000036,3168.421767,7.460000000000036
wbs_20260514,wbs,no_vlm_no_ocr,b016,t016,3204.401767,topic_to_topic,vtr,,True,True,-1.2600000000002183,-1.2600000000002183,3203.1417669999996,1.2600000000002183
wbs_20260514,wbs,no_vlm_no_ocr,b017,t017,3237.531767,topic_to_topic,vtr,,False,True,,-9.110000000000127,3228.421767,9.110000000000127
wbs_20260514,wbs,no_vlm_no_ocr,b018,t018,3272.7917669999997,topic_to_topic,studio,,False,True,,15.63000000000011,3288.421767,15.63000000000011
wbs_20260514,wbs,no_vlm_no_ocr,b019,t019,3365.2517669999997,topic_to_program_end,other (WBS ending),,False,False,,,3402.421767,37.17000000000007
wbs_20260514,wbs,no_ocr,b001,t001,893.8817670000001,topic_to_non_editorial,studio,,False,True,,15.129999999999995,909.0117670000001,15.129999999999995
wbs_20260514,wbs,no_ocr,b002,t002,1224.3017670000002,topic_to_topic,studio,,True,True,0.4899999999997817,0.4899999999997817,1224.791767,0.4899999999997817
wbs_20260514,wbs,no_ocr,b003,t003,1294.5617670000001,topic_to_topic,vtr,,True,True,-0.09000000000014552,-0.09000000000014552,1294.471767,0.09000000000014552
wbs_20260514,wbs,no_ocr,b004,t004,1327.691767,topic_to_topic,vtr,,False,True,,-19.269999999999982,1308.421767,19.269999999999982
wbs_20260514,wbs,no_ocr,b005,t005,1362.961767,topic_to_topic,vtr,,True,True,0.06999999999993634,0.06999999999993634,1363.031767,0.06999999999993634
wbs_20260514,wbs,no_ocr,b006,t006,1421.651767,topic_to_topic,vtr,,False,True,,6.769999999999982,1428.421767,6.769999999999982
wbs_20260514,wbs,no_ocr,b007,t007,1457.121767,topic_to_non_editorial,sponsor,,True,True,4.460000000000036,4.460000000000036,1461.5817670000001,4.460000000000036
wbs_20260514,wbs,no_ocr,b008,t008,1946.761767,topic_to_non_editorial,bumper,,True,True,-2.519999999999982,-2.519999999999982,1944.241767,2.519999999999982
wbs_20260514,wbs,no_ocr,b009,t009,2280.9117669999996,topic_to_non_editorial,program_teaser,,True,True,-0.5,-0.5,2280.4117669999996,0.5
wbs_20260514,wbs,no_ocr,b010,t010,2645.951767,topic_to_non_editorial,bumper,,False,True,,5.209999999999582,2651.1617669999996,5.209999999999582
wbs_20260514,wbs,no_ocr,b011,t011,2815.921767,topic_to_topic,bumper,,False,True,,-7.5,2808.421767,7.5
wbs_20260514,wbs,no_ocr,b012,t012,2843.261767,topic_to_topic,bumper,,True,True,-3.730000000000018,-3.730000000000018,2839.531767,3.730000000000018
wbs_20260514,wbs,no_ocr,b013,t013,2872.0817669999997,topic_to_topic,bumper,,True,True,1.1200000000003456,1.1200000000003456,2873.201767,1.1200000000003456
wbs_20260514,wbs,no_ocr,b014,t014,2901.1017669999997,topic_to_non_editorial,program_teaser,,False,True,,5.059999999999945,2906.1617669999996,5.059999999999945
wbs_20260514,wbs,no_ocr,b015,t015,3175.881767,topic_to_topic,vtr,,True,True,-0.2699999999999818,-0.2699999999999818,3175.611767,0.2699999999999818
wbs_20260514,wbs,no_ocr,b016,t016,3204.401767,topic_to_topic,vtr,,False,True,,24.019999999999982,3228.421767,24.019999999999982
wbs_20260514,wbs,no_ocr,b017,t017,3237.531767,topic_to_topic,vtr,,True,True,0.15999999999985448,0.15999999999985448,3237.691767,0.15999999999985448
wbs_20260514,wbs,no_ocr,b018,t018,3272.7917669999997,topic_to_topic,studio,,True,True,-2.2100000000000364,-2.2100000000000364,3270.5817669999997,2.2100000000000364
wbs_20260514,wbs,no_ocr,b019,t019,3365.2517669999997,topic_to_program_end,other (WBS ending),,False,False,,,3411.8517669999997,46.59999999999991
wbs_20260522,wbs,full,b001,t001,503.65156699999994,topic_to_non_editorial,studio,,True,True,-1.42999999999995,-1.42999999999995,502.221567,1.42999999999995
wbs_20260522,wbs,full,b002,t002,960.991567,topic_to_topic,studio,,True,True,-1.3400000000000318,-1.3400000000000318,959.651567,1.3400000000000318
wbs_20260522,wbs,full,b003,t003,1011.861567,topic_to_topic,studio,,True,True,-3.6399999999999864,-3.6399999999999864,1008.221567,3.6399999999999864
wbs_20260522,wbs,full,b004,t004,1371.481567,topic_to_topic,studio,,True,True,-2.5499999999999545,-2.5499999999999545,1368.931567,2.5499999999999545
wbs_20260522,wbs,full,b005,t005,1425.751567,topic_to_topic,vtr,,True,True,2.4700000000000273,2.4700000000000273,1428.221567,2.4700000000000273
wbs_20260522,wbs,full,b006,t006,1456.571567,topic_to_non_editorial,sponsor,,False,True,,23.710000000000036,1480.281567,23.710000000000036
wbs_20260522,wbs,full,b007,t007,2418.511567,topic_to_non_editorial,studio,,False,True,,15.519999999999982,2434.031567,15.519999999999982
wbs_20260522,wbs,full,b008,t008,2766.701567,topic_to_non_editorial,program_teaser,,False,True,,8.989999999999782,2775.691567,8.989999999999782
wbs_20260522,wbs,full,b009,t009,2931.2715670000002,topic_to_topic,bumper,,True,True,-3.050000000000182,-3.050000000000182,2928.221567,3.050000000000182
wbs_20260522,wbs,full,b010,t010,2949.041567,topic_to_topic,bumper,,True,True,-0.8200000000001637,-0.8200000000001637,2948.221567,0.8200000000001637
wbs_20260522,wbs,full,b011,t011,2975.421567,topic_to_topic,studio,,True,True,-1.8999999999996362,-1.8999999999996362,2973.5215670000002,1.8999999999996362
wbs_20260522,wbs,full,b012,t012,3008.611567,topic_to_non_editorial,program_teaser,,False,True,,6.440000000000055,3015.051567,6.440000000000055
wbs_20260522,wbs,full,b013,t013,3287.2315670000003,topic_to_topic,vtr,,True,True,0.9899999999997817,0.9899999999997817,3288.221567,0.9899999999997817
wbs_20260522,wbs,full,b014,t014,3315.781567,topic_to_topic,studio,,True,True,2.4400000000000546,2.4400000000000546,3318.221567,2.4400000000000546
wbs_20260522,wbs,full,b015,t015,3360.991567,topic_to_program_end,other (WBS ending),,False,False,,,3393.291567,32.30000000000018
wbs_20260522,wbs,no_vlm,b001,t001,503.65156699999994,topic_to_non_editorial,studio,,False,True,,20.11000000000007,523.761567,20.11000000000007
wbs_20260522,wbs,no_vlm,b002,t002,960.991567,topic_to_topic,studio,,True,True,-1.3400000000000318,-1.3400000000000318,959.651567,1.3400000000000318
wbs_20260522,wbs,no_vlm,b003,t003,1011.861567,topic_to_topic,studio,,True,True,-3.6399999999999864,-3.6399999999999864,1008.221567,3.6399999999999864
wbs_20260522,wbs,no_vlm,b004,t004,1371.481567,topic_to_topic,studio,,True,True,-2.5499999999999545,-2.5499999999999545,1368.931567,2.5499999999999545
wbs_20260522,wbs,no_vlm,b005,t005,1425.751567,topic_to_topic,vtr,,True,True,2.4700000000000273,2.4700000000000273,1428.221567,2.4700000000000273
wbs_20260522,wbs,no_vlm,b006,t006,1456.571567,topic_to_non_editorial,sponsor,,False,False,,,1428.221567,28.34999999999991
wbs_20260522,wbs,no_vlm,b007,t007,2418.511567,topic_to_non_editorial,studio,,False,True,,15.519999999999982,2434.031567,15.519999999999982
wbs_20260522,wbs,no_vlm,b008,t008,2766.701567,topic_to_non_editorial,program_teaser,,True,True,-0.44000000000005457,-0.44000000000005457,2766.261567,0.44000000000005457
wbs_20260522,wbs,no_vlm,b009,t009,2931.2715670000002,topic_to_topic,bumper,,False,False,,,2948.221567,16.949999999999818
wbs_20260522,wbs,no_vlm,b010,t010,2949.041567,topic_to_topic,bumper,,True,True,-0.8200000000001637,-0.8200000000001637,2948.221567,0.8200000000001637
wbs_20260522,wbs,no_vlm,b011,t011,2975.421567,topic_to_topic,studio,,True,True,-1.8999999999996362,-1.8999999999996362,2973.5215670000002,1.8999999999996362
wbs_20260522,wbs,no_vlm,b012,t012,3008.611567,topic_to_non_editorial,program_teaser,,False,False,,,2973.5215670000002,35.08999999999969
wbs_20260522,wbs,no_vlm,b013,t013,3287.2315670000003,topic_to_topic,vtr,,True,True,-1.0100000000002183,-1.0100000000002183,3286.221567,1.0100000000002183
wbs_20260522,wbs,no_vlm,b014,t014,3315.781567,topic_to_topic,studio,,False,False,,,3286.221567,29.559999999999945
wbs_20260522,wbs,no_vlm,b015,t015,3360.991567,topic_to_program_end,other (WBS ending),,False,True,,-12.769999999999982,3348.221567,12.769999999999982
wbs_20260522,wbs,no_transcript,b001,t001,503.65156699999994,topic_to_non_editorial,studio,,False,True,,24.570000000000107,528.221567,24.570000000000107
wbs_20260522,wbs,no_transcript,b002,t002,960.991567,topic_to_topic,studio,,False,False,,,1008.221567,47.23000000000002
wbs_20260522,wbs,no_transcript,b003,t003,1011.861567,topic_to_topic,studio,,True,True,-3.6399999999999864,-3.6399999999999864,1008.221567,3.6399999999999864
wbs_20260522,wbs,no_transcript,b004,t004,1371.481567,topic_to_topic,studio,,True,True,-3.259999999999991,-3.259999999999991,1368.221567,3.259999999999991
wbs_20260522,wbs,no_transcript,b005,t005,1425.751567,topic_to_topic,vtr,,True,True,2.4700000000000273,2.4700000000000273,1428.221567,2.4700000000000273
wbs_20260522,wbs,no_transcript,b006,t006,1456.571567,topic_to_non_editorial,sponsor,,False,True,,23.710000000000036,1480.281567,23.710000000000036
wbs_20260522,wbs,no_transcript,b007,t007,2418.511567,topic_to_non_editorial,studio,,False,False,,,2464.461567,45.94999999999982
wbs_20260522,wbs,no_transcript,b008,t008,2766.701567,topic_to_non_editorial,program_teaser,,False,True,,12.2199999999998,2778.921567,12.2199999999998
wbs_20260522,wbs,no_transcript,b009,t009,2931.2715670000002,topic_to_topic,bumper,,True,True,-3.050000000000182,-3.050000000000182,2928.221567,3.050000000000182
wbs_20260522,wbs,no_transcript,b010,t010,2949.041567,topic_to_topic,bumper,,True,True,4.179999999999836,4.179999999999836,2953.221567,4.179999999999836
wbs_20260522,wbs,no_transcript,b011,t011,2975.421567,topic_to_topic,studio,,False,True,,12.800000000000182,2988.221567,12.800000000000182
wbs_20260522,wbs,no_transcript,b012,t012,3008.611567,topic_to_non_editorial,program_teaser,,False,True,,6.440000000000055,3015.051567,6.440000000000055
wbs_20260522,wbs,no_transcript,b013,t013,3287.2315670000003,topic_to_topic,vtr,,True,True,0.9899999999997817,0.9899999999997817,3288.221567,0.9899999999997817
wbs_20260522,wbs,no_transcript,b014,t014,3315.781567,topic_to_topic,studio,,False,True,,12.440000000000055,3328.221567,12.440000000000055
wbs_20260522,wbs,no_transcript,b015,t015,3360.991567,topic_to_program_end,other (WBS ending),,False,False,,,3393.291567,32.30000000000018
wbs_20260522,wbs,no_vlm_no_ocr,b001,t001,503.65156699999994,topic_to_non_editorial,studio,,False,True,,20.11000000000007,523.761567,20.11000000000007
wbs_20260522,wbs,no_vlm_no_ocr,b002,t002,960.991567,topic_to_topic,studio,,True,True,-0.6299999999999955,-0.6299999999999955,960.361567,0.6299999999999955
wbs_20260522,wbs,no_vlm_no_ocr,b003,t003,1011.861567,topic_to_topic,studio,,True,True,-3.6399999999999864,-3.6399999999999864,1008.221567,3.6399999999999864
wbs_20260522,wbs,no_vlm_no_ocr,b004,t004,1371.481567,topic_to_topic,studio,,True,True,-2.5499999999999545,-2.5499999999999545,1368.931567,2.5499999999999545
wbs_20260522,wbs,no_vlm_no_ocr,b005,t005,1425.751567,topic_to_topic,vtr,,True,True,2.4700000000000273,2.4700000000000273,1428.221567,2.4700000000000273
wbs_20260522,wbs,no_vlm_no_ocr,b006,t006,1456.571567,topic_to_non_editorial,sponsor,,False,False,,,1428.221567,28.34999999999991
wbs_20260522,wbs,no_vlm_no_ocr,b007,t007,2418.511567,topic_to_non_editorial,studio,,False,True,,15.519999999999982,2434.031567,15.519999999999982
wbs_20260522,wbs,no_vlm_no_ocr,b008,t008,2766.701567,topic_to_non_editorial,program_teaser,,False,False,,,2808.221567,41.51999999999998
wbs_20260522,wbs,no_vlm_no_ocr,b009,t009,2931.2715670000002,topic_to_topic,bumper,,True,True,-3.050000000000182,-3.050000000000182,2928.221567,3.050000000000182
wbs_20260522,wbs,no_vlm_no_ocr,b010,t010,2949.041567,topic_to_topic,bumper,,True,True,-0.8200000000001637,-0.8200000000001637,2948.221567,0.8200000000001637
wbs_20260522,wbs,no_vlm_no_ocr,b011,t011,2975.421567,topic_to_topic,studio,,True,True,-1.8999999999996362,-1.8999999999996362,2973.5215670000002,1.8999999999996362
wbs_20260522,wbs,no_vlm_no_ocr,b012,t012,3008.611567,topic_to_non_editorial,program_teaser,,False,False,,,2973.5215670000002,35.08999999999969
wbs_20260522,wbs,no_vlm_no_ocr,b013,t013,3287.2315670000003,topic_to_topic,vtr,,True,True,0.9899999999997817,0.9899999999997817,3288.221567,0.9899999999997817
wbs_20260522,wbs,no_vlm_no_ocr,b014,t014,3315.781567,topic_to_topic,studio,,False,False,,,3288.221567,27.559999999999945
wbs_20260522,wbs,no_vlm_no_ocr,b015,t015,3360.991567,topic_to_program_end,other (WBS ending),,False,True,,-12.769999999999982,3348.221567,12.769999999999982
wbs_20260522,wbs,no_ocr,b001,t001,503.65156699999994,topic_to_non_editorial,studio,,False,True,,20.11000000000007,523.761567,20.11000000000007
wbs_20260522,wbs,no_ocr,b002,t002,960.991567,topic_to_topic,studio,,True,True,-1.3400000000000318,-1.3400000000000318,959.651567,1.3400000000000318
wbs_20260522,wbs,no_ocr,b003,t003,1011.861567,topic_to_topic,studio,,True,True,-3.6399999999999864,-3.6399999999999864,1008.221567,3.6399999999999864
wbs_20260522,wbs,no_ocr,b004,t004,1371.481567,topic_to_topic,studio,,True,True,-0.4900000000000091,-0.4900000000000091,1370.991567,0.4900000000000091
wbs_20260522,wbs,no_ocr,b005,t005,1425.751567,topic_to_topic,vtr,,True,True,2.4700000000000273,2.4700000000000273,1428.221567,2.4700000000000273
wbs_20260522,wbs,no_ocr,b006,t006,1456.571567,topic_to_non_editorial,sponsor,,False,True,,18.6400000000001,1475.211567,18.6400000000001
wbs_20260522,wbs,no_ocr,b007,t007,2418.511567,topic_to_non_editorial,studio,,False,True,,15.519999999999982,2434.031567,15.519999999999982
wbs_20260522,wbs,no_ocr,b008,t008,2766.701567,topic_to_non_editorial,program_teaser,,False,True,,8.989999999999782,2775.691567,8.989999999999782
wbs_20260522,wbs,no_ocr,b009,t009,2931.2715670000002,topic_to_topic,bumper,,True,True,-3.050000000000182,-3.050000000000182,2928.221567,3.050000000000182
wbs_20260522,wbs,no_ocr,b010,t010,2949.041567,topic_to_topic,bumper,,False,False,,,2928.221567,20.820000000000164
wbs_20260522,wbs,no_ocr,b011,t011,2975.421567,topic_to_topic,studio,,True,True,-1.8999999999996362,-1.8999999999996362,2973.5215670000002,1.8999999999996362
wbs_20260522,wbs,no_ocr,b012,t012,3008.611567,topic_to_non_editorial,program_teaser,,False,True,,6.440000000000055,3015.051567,6.440000000000055
wbs_20260522,wbs,no_ocr,b013,t013,3287.2315670000003,topic_to_topic,vtr,,True,True,0.9899999999997817,0.9899999999997817,3288.221567,0.9899999999997817
wbs_20260522,wbs,no_ocr,b014,t014,3315.781567,topic_to_topic,studio,,False,False,,,3288.221567,27.559999999999945
wbs_20260522,wbs,no_ocr,b015,t015,3360.991567,topic_to_program_end,other (WBS ending),,False,True,,-12.769999999999982,3348.221567,12.769999999999982
wbs_20260527,wbs,full,b001,t001,584.6820670000001,topic_to_non_editorial,studio,,True,True,2.0399999999999636,2.0399999999999636,586.722067,2.0399999999999636
wbs_20260527,wbs,full,b002,t002,1032.192067,topic_to_topic,studio,,True,True,0.17000000000007276,0.17000000000007276,1032.362067,0.17000000000007276
wbs_20260527,wbs,full,b003,t003,1098.7720669999999,topic_to_topic,vtr,,True,True,-1.0499999999999545,-1.0499999999999545,1097.722067,1.0499999999999545
wbs_20260527,wbs,full,b004,t004,1157.3420669999998,topic_to_topic,vtr,,True,True,-0.6199999999998909,-0.6199999999998909,1156.722067,0.6199999999998909
wbs_20260527,wbs,full,b005,t005,1190.602067,topic_to_topic,vtr,,True,True,-0.8800000000001091,-0.8800000000001091,1189.722067,0.8800000000001091
wbs_20260527,wbs,full,b006,t006,1257.912067,topic_to_topic,vtr,,False,True,,-9.190000000000055,1248.722067,9.190000000000055
wbs_20260527,wbs,full,b007,t007,1294.932067,topic_to_non_editorial,sponsor,,False,True,,13.789999999999964,1308.722067,13.789999999999964
wbs_20260527,wbs,full,b008,t008,1829.7720669999999,topic_to_topic,studio,,True,True,-0.049999999999954525,-0.049999999999954525,1829.722067,0.049999999999954525
wbs_20260527,wbs,full,b009,t009,1885.632067,topic_to_non_editorial,program_teaser,,False,True,,9.809999999999945,1895.442067,9.809999999999945
wbs_20260527,wbs,full,b010,t010,2420.972067,topic_to_non_editorial,program_teaser,,False,True,,18.139999999999873,2439.112067,18.139999999999873
wbs_20260527,wbs,full,b011,t011,2808.7520670000004,topic_to_non_editorial,program_teaser,,True,True,-0.03000000000020009,-0.03000000000020009,2808.722067,0.03000000000020009
wbs_20260527,wbs,full,b012,t012,2972.142067,topic_to_topic,bumper,,True,True,4.579999999999927,4.579999999999927,2976.722067,4.579999999999927
wbs_20260527,wbs,full,b013,t013,2998.8320670000003,topic_to_topic,bumper,,False,True,,10.889999999999873,3009.722067,10.889999999999873
wbs_20260527,wbs,full,b014,t014,3027.2320670000004,topic_to_topic,studio,,True,True,-0.5100000000002183,-0.5100000000002183,3026.722067,0.5100000000002183
wbs_20260527,wbs,full,b015,t015,3051.912067,topic_to_non_editorial,program_teaser,,True,True,3.8099999999999454,3.8099999999999454,3055.722067,3.8099999999999454
wbs_20260527,wbs,full,b016,t016,3326.712067,topic_to_topic,studio,,True,True,0.010000000000218279,0.010000000000218279,3326.722067,0.010000000000218279
wbs_20260527,wbs,full,b017,t017,3380.172067,topic_to_program_end,other (WBS ending),,False,True,,28.550000000000182,3408.722067,28.550000000000182
wbs_20260527,wbs,no_vlm,b001,t001,584.6820670000001,topic_to_non_editorial,studio,,False,True,,10.259999999999991,594.9420670000001,10.259999999999991
wbs_20260527,wbs,no_vlm,b002,t002,1032.192067,topic_to_topic,studio,,True,True,-0.36000000000012733,-0.36000000000012733,1031.8320669999998,0.36000000000012733
wbs_20260527,wbs,no_vlm,b003,t003,1098.7720669999999,topic_to_topic,vtr,,True,True,-1.0499999999999545,-1.0499999999999545,1097.722067,1.0499999999999545
wbs_20260527,wbs,no_vlm,b004,t004,1157.3420669999998,topic_to_topic,vtr,,False,False,,,1188.722067,31.38000000000011
wbs_20260527,wbs,no_vlm,b005,t005,1190.602067,topic_to_topic,vtr,,True,True,-0.8800000000001091,-0.8800000000001091,1189.722067,0.8800000000001091
wbs_20260527,wbs,no_vlm,b006,t006,1257.912067,topic_to_topic,vtr,,False,True,,-9.190000000000055,1248.722067,9.190000000000055
wbs_20260527,wbs,no_vlm,b007,t007,1294.932067,topic_to_non_editorial,sponsor,,False,True,,13.789999999999964,1308.722067,13.789999999999964
wbs_20260527,wbs,no_vlm,b008,t008,1829.7720669999999,topic_to_topic,studio,,True,True,-0.049999999999954525,-0.049999999999954525,1829.722067,0.049999999999954525
wbs_20260527,wbs,no_vlm,b009,t009,1885.632067,topic_to_non_editorial,program_teaser,,False,True,,23.089999999999918,1908.722067,23.089999999999918
wbs_20260527,wbs,no_vlm,b010,t010,2420.972067,topic_to_non_editorial,program_teaser,,True,True,0.4099999999998545,0.4099999999998545,2421.382067,0.4099999999998545
wbs_20260527,wbs,no_vlm,b011,t011,2808.7520670000004,topic_to_non_editorial,program_teaser,,True,True,-0.03000000000020009,-0.03000000000020009,2808.722067,0.03000000000020009
wbs_20260527,wbs,no_vlm,b012,t012,2972.142067,topic_to_topic,bumper,,False,False,,,2988.722067,16.579999999999927
wbs_20260527,wbs,no_vlm,b013,t013,2998.8320670000003,topic_to_topic,bumper,,False,True,,-10.110000000000127,2988.722067,10.110000000000127
wbs_20260527,wbs,no_vlm,b014,t014,3027.2320670000004,topic_to_topic,studio,,True,True,-0.5100000000002183,-0.5100000000002183,3026.722067,0.5100000000002183
wbs_20260527,wbs,no_vlm,b015,t015,3051.912067,topic_to_non_editorial,program_teaser,,True,True,-3.1900000000000546,-3.1900000000000546,3048.722067,3.1900000000000546
wbs_20260527,wbs,no_vlm,b016,t016,3326.712067,topic_to_topic,studio,,True,True,0.010000000000218279,0.010000000000218279,3326.722067,0.010000000000218279
wbs_20260527,wbs,no_vlm,b017,t017,3380.172067,topic_to_program_end,other (WBS ending),,False,True,,28.550000000000182,3408.722067,28.550000000000182
wbs_20260527,wbs,no_transcript,b001,t001,584.6820670000001,topic_to_non_editorial,studio,,True,True,4.039999999999964,4.039999999999964,588.722067,4.039999999999964
wbs_20260527,wbs,no_transcript,b002,t002,1032.192067,topic_to_topic,studio,,False,False,,,1068.722067,36.52999999999997
wbs_20260527,wbs,no_transcript,b003,t003,1098.7720669999999,topic_to_topic,vtr,,False,True,,9.950000000000045,1108.722067,9.950000000000045
wbs_20260527,wbs,no_transcript,b004,t004,1157.3420669999998,topic_to_topic,vtr,,False,True,,11.38000000000011,1168.722067,11.38000000000011
wbs_20260527,wbs,no_transcript,b005,t005,1190.602067,topic_to_topic,vtr,,True,True,-1.8800000000001091,-1.8800000000001091,1188.722067,1.8800000000001091
wbs_20260527,wbs,no_transcript,b006,t006,1257.912067,topic_to_topic,vtr,,True,True,-1.1900000000000546,-1.1900000000000546,1256.722067,1.1900000000000546
wbs_20260527,wbs,no_transcript,b007,t007,1294.932067,topic_to_non_editorial,sponsor,,False,True,,13.789999999999964,1308.722067,13.789999999999964
wbs_20260527,wbs,no_transcript,b008,t008,1829.7720669999999,topic_to_topic,studio,,False,True,,-6.0499999999999545,1823.722067,6.0499999999999545
wbs_20260527,wbs,no_transcript,b009,t009,1885.632067,topic_to_non_editorial,program_teaser,,False,True,,9.809999999999945,1895.442067,9.809999999999945
wbs_20260527,wbs,no_transcript,b010,t010,2420.972067,topic_to_non_editorial,program_teaser,,False,True,,18.139999999999873,2439.112067,18.139999999999873
wbs_20260527,wbs,no_transcript,b011,t011,2808.7520670000004,topic_to_non_editorial,program_teaser,,True,True,-0.03000000000020009,-0.03000000000020009,2808.722067,0.03000000000020009
wbs_20260527,wbs,no_transcript,b012,t012,2972.142067,topic_to_topic,bumper,,True,True,1.5799999999999272,1.5799999999999272,2973.722067,1.5799999999999272
wbs_20260527,wbs,no_transcript,b013,t013,2998.8320670000003,topic_to_topic,bumper,,False,True,,9.889999999999873,3008.722067,9.889999999999873
wbs_20260527,wbs,no_transcript,b014,t014,3027.2320670000004,topic_to_topic,studio,,True,True,1.4899999999997817,1.4899999999997817,3028.722067,1.4899999999997817
wbs_20260527,wbs,no_transcript,b015,t015,3051.912067,topic_to_non_editorial,program_teaser,,False,True,,22.320000000000164,3074.2320670000004,22.320000000000164
wbs_20260527,wbs,no_transcript,b016,t016,3326.712067,topic_to_topic,studio,,False,True,,22.01000000000022,3348.722067,22.01000000000022
wbs_20260527,wbs,no_transcript,b017,t017,3380.172067,topic_to_program_end,other (WBS ending),,False,False,,,3348.722067,31.449999999999818
wbs_20260527,wbs,no_vlm_no_ocr,b001,t001,584.6820670000001,topic_to_non_editorial,studio,,True,True,4.039999999999964,4.039999999999964,588.722067,4.039999999999964
wbs_20260527,wbs,no_vlm_no_ocr,b002,t002,1032.192067,topic_to_topic,studio,,True,True,-0.36000000000012733,-0.36000000000012733,1031.8320669999998,0.36000000000012733
wbs_20260527,wbs,no_vlm_no_ocr,b003,t003,1098.7720669999999,topic_to_topic,vtr,,True,True,-1.1399999999998727,-1.1399999999998727,1097.632067,1.1399999999998727
wbs_20260527,wbs,no_vlm_no_ocr,b004,t004,1157.3420669999998,topic_to_topic,vtr,,True,True,1.3800000000001091,1.3800000000001091,1158.722067,1.3800000000001091
wbs_20260527,wbs,no_vlm_no_ocr,b005,t005,1190.602067,topic_to_topic,vtr,,True,True,0.2999999999999545,0.2999999999999545,1190.902067,0.2999999999999545
wbs_20260527,wbs,no_vlm_no_ocr,b006,t006,1257.912067,topic_to_topic,vtr,,False,True,,-9.190000000000055,1248.722067,9.190000000000055
wbs_20260527,wbs,no_vlm_no_ocr,b007,t007,1294.932067,topic_to_non_editorial,sponsor,,False,True,,13.789999999999964,1308.722067,13.789999999999964
wbs_20260527,wbs,no_vlm_no_ocr,b008,t008,1829.7720669999999,topic_to_topic,studio,,False,True,,18.950000000000045,1848.722067,18.950000000000045
wbs_20260527,wbs,no_vlm_no_ocr,b009,t009,1885.632067,topic_to_non_editorial,program_teaser,,False,True,,23.089999999999918,1908.722067,23.089999999999918
wbs_20260527,wbs,no_vlm_no_ocr,b010,t010,2420.972067,topic_to_non_editorial,program_teaser,,False,True,,27.75,2448.722067,27.75
wbs_20260527,wbs,no_vlm_no_ocr,b011,t011,2808.7520670000004,topic_to_non_editorial,program_teaser,,True,True,-0.03000000000020009,-0.03000000000020009,2808.722067,0.03000000000020009
wbs_20260527,wbs,no_vlm_no_ocr,b012,t012,2972.142067,topic_to_topic,bumper,,False,True,,11.579999999999927,2983.722067,11.579999999999927
wbs_20260527,wbs,no_vlm_no_ocr,b013,t013,2998.8320670000003,topic_to_topic,bumper,,False,True,,14.889999999999873,3013.722067,14.889999999999873
wbs_20260527,wbs,no_vlm_no_ocr,b014,t014,3027.2320670000004,topic_to_topic,studio,,True,True,-1.75,-1.75,3025.4820670000004,1.75
wbs_20260527,wbs,no_vlm_no_ocr,b015,t015,3051.912067,topic_to_non_editorial,program_teaser,,True,True,-3.1900000000000546,-3.1900000000000546,3048.722067,3.1900000000000546
wbs_20260527,wbs,no_vlm_no_ocr,b016,t016,3326.712067,topic_to_topic,studio,,False,True,,10.010000000000218,3336.722067,10.010000000000218
wbs_20260527,wbs,no_vlm_no_ocr,b017,t017,3380.172067,topic_to_program_end,other (WBS ending),,False,True,,28.550000000000182,3408.722067,28.550000000000182
wbs_20260527,wbs,no_ocr,b001,t001,584.6820670000001,topic_to_non_editorial,studio,,False,True,,15.719999999999914,600.402067,15.719999999999914
wbs_20260527,wbs,no_ocr,b002,t002,1032.192067,topic_to_topic,studio,,False,True,,13.690000000000055,1045.882067,13.690000000000055
wbs_20260527,wbs,no_ocr,b003,t003,1098.7720669999999,topic_to_topic,vtr,,False,True,,9.950000000000045,1108.722067,9.950000000000045
wbs_20260527,wbs,no_ocr,b004,t004,1157.3420669999998,topic_to_topic,vtr,,True,True,-1.6199999999998909,-1.6199999999998909,1155.722067,1.6199999999998909
wbs_20260527,wbs,no_ocr,b005,t005,1190.602067,topic_to_topic,vtr,,False,True,,5.119999999999891,1195.722067,5.119999999999891
wbs_20260527,wbs,no_ocr,b006,t006,1257.912067,topic_to_topic,vtr,,False,True,,-26.279999999999973,1231.632067,26.279999999999973
wbs_20260527,wbs,no_ocr,b007,t007,1294.932067,topic_to_non_editorial,sponsor,,False,True,,19.299999999999955,1314.232067,19.299999999999955
wbs_20260527,wbs,no_ocr,b008,t008,1829.7720669999999,topic_to_topic,studio,,True,True,-0.009999999999990905,-0.009999999999990905,1829.762067,0.009999999999990905
wbs_20260527,wbs,no_ocr,b009,t009,1885.632067,topic_to_non_editorial,program_teaser,,False,True,,9.809999999999945,1895.442067,9.809999999999945
wbs_20260527,wbs,no_ocr,b010,t010,2420.972067,topic_to_non_editorial,program_teaser,,False,True,,18.139999999999873,2439.112067,18.139999999999873
wbs_20260527,wbs,no_ocr,b011,t011,2808.7520670000004,topic_to_non_editorial,program_teaser,,True,True,-0.03000000000020009,-0.03000000000020009,2808.722067,0.03000000000020009
wbs_20260527,wbs,no_ocr,b012,t012,2972.142067,topic_to_topic,bumper,,False,True,,16.579999999999927,2988.722067,16.579999999999927
wbs_20260527,wbs,no_ocr,b013,t013,2998.8320670000003,topic_to_topic,bumper,,False,True,,7.889999999999873,3006.722067,7.889999999999873
wbs_20260527,wbs,no_ocr,b014,t014,3027.2320670000004,topic_to_topic,studio,,True,True,-0.9100000000003092,-0.9100000000003092,3026.322067,0.9100000000003092
wbs_20260527,wbs,no_ocr,b015,t015,3051.912067,topic_to_non_editorial,program_teaser,,True,True,-3.1900000000000546,-3.1900000000000546,3048.722067,3.1900000000000546
wbs_20260527,wbs,no_ocr,b016,t016,3326.712067,topic_to_topic,studio,,True,True,-0.6899999999995998,-0.6899999999995998,3326.0220670000003,0.6899999999995998
wbs_20260527,wbs,no_ocr,b017,t017,3380.172067,topic_to_program_end,other (WBS ending),,False,True,,28.550000000000182,3408.722067,28.550000000000182
wbs_20260601,wbs,full,b001,t001,666.2346329999999,topic_to_non_editorial,studio,,False,True,,18.58000000000004,684.814633,18.58000000000004
wbs_20260601,wbs,full,b002,t002,1065.704633,topic_to_topic,studio,,True,True,0.25,0.25,1065.954633,0.25
wbs_20260601,wbs,full,b003,t003,1467.264633,topic_to_topic,studio,,True,True,-0.30999999999994543,-0.30999999999994543,1466.954633,0.30999999999994543
wbs_20260601,wbs,full,b004,t004,1517.6146330000001,topic_to_topic,studio,,True,True,-1.4400000000000546,-1.4400000000000546,1516.174633,1.4400000000000546
wbs_20260601,wbs,full,b005,t005,1582.144633,topic_to_topic,vtr,,True,True,-1.1900000000000546,-1.1900000000000546,1580.954633,1.1900000000000546
wbs_20260601,wbs,full,b006,t006,1637.064633,topic_to_topic,vtr,,False,True,,10.8900000000001,1647.954633,10.8900000000001
wbs_20260601,wbs,full,b007,t007,1666.314633,topic_to_topic,vtr,,True,True,-0.35999999999989996,-0.35999999999989996,1665.954633,0.35999999999989996
wbs_20260601,wbs,full,b008,t008,1698.814633,topic_to_topic,vtr,,False,False,,,1727.954633,29.1400000000001
wbs_20260601,wbs,full,b009,t009,1730.8646330000001,topic_to_non_editorial,sponsor,,True,True,-2.910000000000082,-2.910000000000082,1727.954633,2.910000000000082
wbs_20260601,wbs,full,b010,t010,2428.764633,topic_to_non_editorial,broadcaster_service_or_broadcast_announcement,,False,True,,19.190000000000055,2447.954633,19.190000000000055
wbs_20260601,wbs,full,b011,t011,2720.5746329999997,topic_to_non_editorial,bumper,,True,True,-0.8399999999996908,-0.8399999999996908,2719.734633,0.8399999999996908
wbs_20260601,wbs,full,b012,t012,2885.1746329999996,topic_to_topic,bumper,,True,True,-2.2199999999998,-2.2199999999998,2882.954633,2.2199999999998
wbs_20260601,wbs,full,b013,t013,2904.0746329999997,topic_to_topic,bumper,,True,True,-1.1199999999998909,-1.1199999999998909,2902.954633,1.1199999999998909
wbs_20260601,wbs,full,b014,t014,2924.274633,topic_to_topic,studio,,True,True,-1.3200000000001637,-1.3200000000001637,2922.954633,1.3200000000001637
wbs_20260601,wbs,full,b015,t015,2960.3646329999997,topic_to_topic,studio,,True,True,-1.8799999999996544,-1.8799999999996544,2958.484633,1.8799999999996544
wbs_20260601,wbs,full,b016,t016,2996.224633,topic_to_non_editorial,program_teaser,,False,True,,8.61999999999989,3004.8446329999997,8.61999999999989
wbs_20260601,wbs,full,b017,t017,3281.004633,topic_to_topic,vtr,,False,True,,6.949999999999818,3287.954633,6.949999999999818
wbs_20260601,wbs,full,b018,t018,3316.6546329999996,topic_to_topic,studio,,True,True,-0.6999999999998181,-0.6999999999998181,3315.954633,0.6999999999998181
wbs_20260601,wbs,full,b019,t019,3349.774633,topic_to_program_end,other (WBS ending),,True,True,-1.8200000000001637,-1.8200000000001637,3347.954633,1.8200000000001637
wbs_20260601,wbs,no_vlm,b001,t001,666.2346329999999,topic_to_non_editorial,studio,,True,True,-0.8999999999999773,-0.8999999999999773,665.3346329999999,0.8999999999999773
wbs_20260601,wbs,no_vlm,b002,t002,1065.704633,topic_to_topic,studio,,True,True,0.25,0.25,1065.954633,0.25
wbs_20260601,wbs,no_vlm,b003,t003,1467.264633,topic_to_topic,studio,,True,True,-0.30999999999994543,-0.30999999999994543,1466.954633,0.30999999999994543
wbs_20260601,wbs,no_vlm,b004,t004,1517.6146330000001,topic_to_topic,studio,,True,True,-1.4400000000000546,-1.4400000000000546,1516.174633,1.4400000000000546
wbs_20260601,wbs,no_vlm,b005,t005,1582.144633,topic_to_topic,vtr,,True,True,-1.1900000000000546,-1.1900000000000546,1580.954633,1.1900000000000546
wbs_20260601,wbs,no_vlm,b006,t006,1637.064633,topic_to_topic,vtr,,False,True,,-29.1099999999999,1665.954633,28.8900000000001
wbs_20260601,wbs,no_vlm,b007,t007,1666.314633,topic_to_topic,vtr,,True,True,-0.35999999999989996,-0.35999999999989996,1665.954633,0.35999999999989996
wbs_20260601,wbs,no_vlm,b008,t008,1698.814633,topic_to_topic,vtr,,False,False,,,1727.954633,29.1400000000001
wbs_20260601,wbs,no_vlm,b009,t009,1730.8646330000001,topic_to_non_editorial,sponsor,,True,True,-2.910000000000082,-2.910000000000082,1727.954633,2.910000000000082
wbs_20260601,wbs,no_vlm,b010,t010,2428.764633,topic_to_non_editorial,broadcaster_service_or_broadcast_announcement,,False,True,,19.190000000000055,2447.954633,19.190000000000055
wbs_20260601,wbs,no_vlm,b011,t011,2720.5746329999997,topic_to_non_editorial,bumper,,False,True,,27.38000000000011,2747.954633,27.38000000000011
wbs_20260601,wbs,no_vlm,b012,t012,2885.1746329999996,topic_to_topic,bumper,,False,True,,-17.2199999999998,2867.954633,17.2199999999998
wbs_20260601,wbs,no_vlm,b013,t013,2904.0746329999997,topic_to_topic,bumper,,False,True,,18.88000000000011,2922.954633,18.88000000000011
wbs_20260601,wbs,no_vlm,b014,t014,2924.274633,topic_to_topic,studio,,True,True,-1.3200000000001637,-1.3200000000001637,2922.954633,1.3200000000001637
wbs_20260601,wbs,no_vlm,b015,t015,2960.3646329999997,topic_to_topic,studio,,True,True,-1.8799999999996544,-1.8799999999996544,2958.484633,1.8799999999996544
wbs_20260601,wbs,no_vlm,b016,t016,2996.224633,topic_to_non_editorial,program_teaser,,False,True,,-12.269999999999982,2983.954633,12.269999999999982
wbs_20260601,wbs,no_vlm,b017,t017,3281.004633,topic_to_topic,vtr,,False,True,,6.949999999999818,3287.954633,6.949999999999818
wbs_20260601,wbs,no_vlm,b018,t018,3316.6546329999996,topic_to_topic,studio,,True,True,-0.6999999999998181,-0.6999999999998181,3315.954633,0.6999999999998181
wbs_20260601,wbs,no_vlm,b019,t019,3349.774633,topic_to_program_end,other (WBS ending),,True,True,-1.8200000000001637,-1.8200000000001637,3347.954633,1.8200000000001637
wbs_20260601,wbs,no_transcript,b001,t001,666.2346329999999,topic_to_non_editorial,studio,,False,False,,,707.954633,41.72000000000003
wbs_20260601,wbs,no_transcript,b002,t002,1065.704633,topic_to_topic,studio,,True,True,2.25,2.25,1067.954633,2.25
wbs_20260601,wbs,no_transcript,b003,t003,1467.264633,topic_to_topic,studio,,False,True,,12.690000000000055,1479.954633,12.690000000000055
wbs_20260601,wbs,no_transcript,b004,t004,1517.6146330000001,topic_to_topic,studio,,False,True,,18.339999999999918,1535.954633,18.339999999999918
wbs_20260601,wbs,no_transcript,b005,t005,1582.144633,topic_to_topic,vtr,,False,True,,17.809999999999945,1599.954633,17.809999999999945
wbs_20260601,wbs,no_transcript,b006,t006,1637.064633,topic_to_topic,vtr,,False,True,,16.8900000000001,1653.954633,16.8900000000001
wbs_20260601,wbs,no_transcript,b007,t007,1666.314633,topic_to_topic,vtr,,True,True,-0.35999999999989996,-0.35999999999989996,1665.954633,0.35999999999989996
wbs_20260601,wbs,no_transcript,b008,t008,1698.814633,topic_to_topic,vtr,,True,True,4.1400000000001,4.1400000000001,1702.954633,4.1400000000001
wbs_20260601,wbs,no_transcript,b009,t009,1730.8646330000001,topic_to_non_editorial,sponsor,,False,True,,10.230000000000018,1741.0946330000002,10.230000000000018
wbs_20260601,wbs,no_transcript,b010,t010,2428.764633,topic_to_non_editorial,broadcaster_service_or_broadcast_announcement,,False,True,,25.950000000000273,2454.714633,25.950000000000273
wbs_20260601,wbs,no_transcript,b011,t011,2720.5746329999997,topic_to_non_editorial,bumper,,True,True,-0.8399999999996908,-0.8399999999996908,2719.734633,0.8399999999996908
wbs_20260601,wbs,no_transcript,b012,t012,2885.1746329999996,topic_to_topic,bumper,,False,True,,-5.2199999999998,2879.954633,5.2199999999998
wbs_20260601,wbs,no_transcript,b013,t013,2904.0746329999997,topic_to_topic,bumper,,False,True,,-6.119999999999891,2897.954633,6.119999999999891
wbs_20260601,wbs,no_transcript,b014,t014,2924.274633,topic_to_topic,studio,,True,True,3.6799999999998363,3.6799999999998363,2927.954633,3.6799999999998363
wbs_20260601,wbs,no_transcript,b015,t015,2960.3646329999997,topic_to_topic,studio,,False,True,,7.5900000000001455,2967.954633,7.5900000000001455
wbs_20260601,wbs,no_transcript,b016,t016,2996.224633,topic_to_non_editorial,program_teaser,,False,True,,8.61999999999989,3004.8446329999997,8.61999999999989
wbs_20260601,wbs,no_transcript,b017,t017,3281.004633,topic_to_topic,vtr,,False,True,,6.949999999999818,3287.954633,6.949999999999818
wbs_20260601,wbs,no_transcript,b018,t018,3316.6546329999996,topic_to_topic,studio,,False,True,,9.300000000000182,3325.954633,9.300000000000182
wbs_20260601,wbs,no_transcript,b019,t019,3349.774633,topic_to_program_end,other (WBS ending),,False,False,,,3325.954633,23.820000000000164
wbs_20260601,wbs,no_vlm_no_ocr,b001,t001,666.2346329999999,topic_to_non_editorial,studio,,False,True,,18.56000000000006,684.794633,18.56000000000006
wbs_20260601,wbs,no_vlm_no_ocr,b002,t002,1065.704633,topic_to_topic,studio,,True,True,-0.36999999999989086,-0.36999999999989086,1065.3346330000002,0.36999999999989086
wbs_20260601,wbs,no_vlm_no_ocr,b003,t003,1467.264633,topic_to_topic,studio,,True,True,0.13000000000010914,0.13000000000010914,1467.394633,0.13000000000010914
wbs_20260601,wbs,no_vlm_no_ocr,b004,t004,1517.6146330000001,topic_to_topic,studio,,True,True,-1.4400000000000546,-1.4400000000000546,1516.174633,1.4400000000000546
wbs_20260601,wbs,no_vlm_no_ocr,b005,t005,1582.144633,topic_to_topic,vtr,,True,True,-1.6700000000000728,-1.6700000000000728,1580.474633,1.6700000000000728
wbs_20260601,wbs,no_vlm_no_ocr,b006,t006,1637.064633,topic_to_topic,vtr,,False,True,,10.5300000000002,1647.5946330000002,10.5300000000002
wbs_20260601,wbs,no_vlm_no_ocr,b007,t007,1666.314633,topic_to_topic,vtr,,True,True,-1.1499999999998636,-1.1499999999998636,1665.164633,1.1499999999998636
wbs_20260601,wbs,no_vlm_no_ocr,b008,t008,1698.814633,topic_to_topic,vtr,,True,True,-2.959999999999809,-2.959999999999809,1695.8546330000001,2.959999999999809
wbs_20260601,wbs,no_vlm_no_ocr,b009,t009,1730.8646330000001,topic_to_non_editorial,sponsor,,True,True,-1.1000000000001364,-1.1000000000001364,1729.764633,1.1000000000001364
wbs_20260601,wbs,no_vlm_no_ocr,b010,t010,2428.764633,topic_to_non_editorial,broadcaster_service_or_broadcast_announcement,,False,True,,7.190000000000055,2435.954633,7.190000000000055
wbs_20260601,wbs,no_vlm_no_ocr,b011,t011,2720.5746329999997,topic_to_non_editorial,bumper,,True,True,1.3800000000001091,1.3800000000001091,2721.954633,1.3800000000001091
wbs_20260601,wbs,no_vlm_no_ocr,b012,t012,2885.1746329999996,topic_to_topic,bumper,,True,True,0.2800000000002001,0.2800000000002001,2885.454633,0.2800000000002001
wbs_20260601,wbs,no_vlm_no_ocr,b013,t013,2904.0746329999997,topic_to_topic,bumper,,True,True,3.880000000000109,3.880000000000109,2907.954633,3.880000000000109
wbs_20260601,wbs,no_vlm_no_ocr,b014,t014,2924.274633,topic_to_topic,studio,,True,True,3.6799999999998363,3.6799999999998363,2927.954633,3.6799999999998363
wbs_20260601,wbs,no_vlm_no_ocr,b015,t015,2960.3646329999997,topic_to_topic,studio,,True,True,-1.8799999999996544,-1.8799999999996544,2958.484633,1.8799999999996544
wbs_20260601,wbs,no_vlm_no_ocr,b016,t016,2996.224633,topic_to_non_editorial,program_teaser,,False,True,,11.730000000000018,3007.954633,11.730000000000018
wbs_20260601,wbs,no_vlm_no_ocr,b017,t017,3281.004633,topic_to_topic,vtr,,False,True,,17.949999999999818,3298.954633,17.949999999999818
wbs_20260601,wbs,no_vlm_no_ocr,b018,t018,3316.6546329999996,topic_to_topic,studio,,False,True,,15.300000000000182,3331.954633,15.300000000000182
wbs_20260601,wbs,no_vlm_no_ocr,b019,t019,3349.774633,topic_to_program_end,other (WBS ending),,True,True,-1.8200000000001637,-1.8200000000001637,3347.954633,1.8200000000001637
wbs_20260601,wbs,no_ocr,b001,t001,666.2346329999999,topic_to_non_editorial,studio,,False,True,,18.58000000000004,684.814633,18.58000000000004
wbs_20260601,wbs,no_ocr,b002,t002,1065.704633,topic_to_topic,studio,,True,True,-0.36999999999989086,-0.36999999999989086,1065.3346330000002,0.36999999999989086
wbs_20260601,wbs,no_ocr,b003,t003,1467.264633,topic_to_topic,studio,,True,True,0.13000000000010914,0.13000000000010914,1467.394633,0.13000000000010914
wbs_20260601,wbs,no_ocr,b004,t004,1517.6146330000001,topic_to_topic,studio,,True,True,-1.4400000000000546,-1.4400000000000546,1516.174633,1.4400000000000546
wbs_20260601,wbs,no_ocr,b005,t005,1582.144633,topic_to_topic,vtr,,True,True,-1.6700000000000728,-1.6700000000000728,1580.474633,1.6700000000000728
wbs_20260601,wbs,no_ocr,b006,t006,1637.064633,topic_to_topic,vtr,,False,False,,,1665.164633,28.100000000000136
wbs_20260601,wbs,no_ocr,b007,t007,1666.314633,topic_to_topic,vtr,,True,True,-1.1499999999998636,-1.1499999999998636,1665.164633,1.1499999999998636
wbs_20260601,wbs,no_ocr,b008,t008,1698.814633,topic_to_topic,vtr,,False,False,,,1665.164633,33.649999999999864
wbs_20260601,wbs,no_ocr,b009,t009,1730.8646330000001,topic_to_non_editorial,sponsor,,False,True,,10.279999999999973,1741.144633,10.279999999999973
wbs_20260601,wbs,no_ocr,b010,t010,2428.764633,topic_to_non_editorial,broadcaster_service_or_broadcast_announcement,,False,False,,,2461.7846329999998,33.01999999999998
wbs_20260601,wbs,no_ocr,b011,t011,2720.5746329999997,topic_to_non_editorial,bumper,,False,True,,11.470000000000255,2732.044633,11.470000000000255
wbs_20260601,wbs,no_ocr,b012,t012,2885.1746329999996,topic_to_topic,bumper,,False,False,,,2927.954633,42.7800000000002
wbs_20260601,wbs,no_ocr,b013,t013,2904.0746329999997,topic_to_topic,bumper,,False,False,,,2927.954633,23.88000000000011
wbs_20260601,wbs,no_ocr,b014,t014,2924.274633,topic_to_topic,studio,,True,True,3.6799999999998363,3.6799999999998363,2927.954633,3.6799999999998363
wbs_20260601,wbs,no_ocr,b015,t015,2960.3646329999997,topic_to_topic,studio,,True,True,-1.8799999999996544,-1.8799999999996544,2958.484633,1.8799999999996544
wbs_20260601,wbs,no_ocr,b016,t016,2996.224633,topic_to_non_editorial,program_teaser,,False,True,,8.61999999999989,3004.8446329999997,8.61999999999989
wbs_20260601,wbs,no_ocr,b017,t017,3281.004633,topic_to_topic,vtr,,False,True,,6.949999999999818,3287.954633,6.949999999999818
wbs_20260601,wbs,no_ocr,b018,t018,3316.6546329999996,topic_to_topic,studio,,False,False,,,3287.954633,28.699999999999818
wbs_20260601,wbs,no_ocr,b019,t019,3349.774633,topic_to_program_end,other (WBS ending),,True,True,-1.8200000000001637,-1.8200000000001637,3347.954633,1.8200000000001637
wbs_20260605,wbs,full,b001,t001,511.26423300000005,topic_to_non_editorial,studio,,False,True,,20.719999999999857,531.9842329999999,20.719999999999857
wbs_20260605,wbs,full,b002,t002,844.284233,topic_to_topic,studio,,True,True,-0.7300000000000182,-0.7300000000000182,843.554233,0.7300000000000182
wbs_20260605,wbs,full,b003,t003,1163.024233,topic_to_topic,studio,,True,True,-1.150000000000091,-1.150000000000091,1161.874233,1.150000000000091
wbs_20260605,wbs,full,b004,t004,1215.154233,topic_to_topic,vtr,,False,False,,,1247.554233,32.40000000000009
wbs_20260605,wbs,full,b005,t005,1254.124233,topic_to_topic,vtr,,True,True,-0.5699999999999363,-0.5699999999999363,1253.554233,0.5699999999999363
wbs_20260605,wbs,full,b006,t006,1295.7042330000002,topic_to_topic,vtr,,False,True,,11.849999999999909,1307.554233,11.849999999999909
wbs_20260605,wbs,full,b007,t007,1328.504233,topic_to_topic,studio,,True,True,-1.4800000000000182,-1.4800000000000182,1327.024233,1.4800000000000182
wbs_20260605,wbs,full,b008,t008,2043.034233,topic_to_non_editorial,program_teaser,,True,True,-1.4800000000000182,-1.4800000000000182,2041.554233,1.4800000000000182
wbs_20260605,wbs,full,b009,t009,2460.7542329999997,topic_to_non_editorial,program_teaser,,True,True,-0.3999999999996362,-0.3999999999996362,2460.354233,0.3999999999996362
wbs_20260605,wbs,full,b010,t010,2740.334233,topic_to_non_editorial,bumper,,True,True,-4.140000000000327,-4.140000000000327,2736.1942329999997,4.140000000000327
wbs_20260605,wbs,full,b011,t011,2903.704233,topic_to_topic,bumper,,False,True,,8.849999999999909,2912.554233,8.849999999999909
wbs_20260605,wbs,full,b012,t012,2924.9042329999997,topic_to_topic,bumper,,True,True,2.650000000000091,2.650000000000091,2927.554233,2.650000000000091
wbs_20260605,wbs,full,b013,t013,2949.0042329999997,topic_to_topic,bumper,,True,True,-1.449999999999818,-1.449999999999818,2947.554233,1.449999999999818
wbs_20260605,wbs,full,b014,t014,2974.864233,topic_to_non_editorial,bumper,,False,True,,12.690000000000055,2987.554233,12.690000000000055
wbs_20260605,wbs,full,b015,t015,3284.264233,topic_to_topic,studio,,True,True,-1.25,-1.25,3283.014233,1.25
wbs_20260605,wbs,full,b016,t016,3330.5042329999997,topic_to_program_end,other (WBS ending),,False,True,,17.050000000000182,3347.554233,17.050000000000182
wbs_20260605,wbs,no_vlm,b001,t001,511.26423300000005,topic_to_non_editorial,studio,,True,True,-0.7100000000000364,-0.7100000000000364,510.554233,0.7100000000000364
wbs_20260605,wbs,no_vlm,b002,t002,844.284233,topic_to_topic,studio,,True,True,-0.7300000000000182,-0.7300000000000182,843.554233,0.7300000000000182
wbs_20260605,wbs,no_vlm,b003,t003,1163.024233,topic_to_topic,studio,,True,True,-1.150000000000091,-1.150000000000091,1161.874233,1.150000000000091
wbs_20260605,wbs,no_vlm,b004,t004,1215.154233,topic_to_topic,vtr,,False,True,,-27.59999999999991,1187.554233,27.59999999999991
wbs_20260605,wbs,no_vlm,b005,t005,1254.124233,topic_to_topic,vtr,,True,True,-0.5699999999999363,-0.5699999999999363,1253.554233,0.5699999999999363
wbs_20260605,wbs,no_vlm,b006,t006,1295.7042330000002,topic_to_topic,vtr,,False,True,,11.849999999999909,1307.554233,11.849999999999909
wbs_20260605,wbs,no_vlm,b007,t007,1328.504233,topic_to_topic,studio,,True,True,-1.4800000000000182,-1.4800000000000182,1327.024233,1.4800000000000182
wbs_20260605,wbs,no_vlm,b008,t008,2043.034233,topic_to_non_editorial,program_teaser,,True,True,-1.4800000000000182,-1.4800000000000182,2041.554233,1.4800000000000182
wbs_20260605,wbs,no_vlm,b009,t009,2460.7542329999997,topic_to_non_editorial,program_teaser,,True,True,-0.3999999999996362,-0.3999999999996362,2460.354233,0.3999999999996362
wbs_20260605,wbs,no_vlm,b010,t010,2740.334233,topic_to_non_editorial,bumper,,False,True,,7.2199999999998,2747.554233,7.2199999999998
wbs_20260605,wbs,no_vlm,b011,t011,2903.704233,topic_to_topic,bumper,,False,False,,,2927.554233,23.84999999999991
wbs_20260605,wbs,no_vlm,b012,t012,2924.9042329999997,topic_to_topic,bumper,,True,True,2.650000000000091,2.650000000000091,2927.554233,2.650000000000091
wbs_20260605,wbs,no_vlm,b013,t013,2949.0042329999997,topic_to_topic,bumper,,True,True,-1.449999999999818,-1.449999999999818,2947.554233,1.449999999999818
wbs_20260605,wbs,no_vlm,b014,t014,2974.864233,topic_to_non_editorial,bumper,,False,True,,12.690000000000055,2987.554233,12.690000000000055
wbs_20260605,wbs,no_vlm,b015,t015,3284.264233,topic_to_topic,studio,,True,True,-1.25,-1.25,3283.014233,1.25
wbs_20260605,wbs,no_vlm,b016,t016,3330.5042329999997,topic_to_program_end,other (WBS ending),,False,True,,17.050000000000182,3347.554233,17.050000000000182
wbs_20260605,wbs,no_transcript,b001,t001,511.26423300000005,topic_to_non_editorial,studio,,False,True,,16.289999999999907,527.554233,16.289999999999907
wbs_20260605,wbs,no_transcript,b002,t002,844.284233,topic_to_topic,studio,,False,True,,-16.730000000000018,827.554233,16.730000000000018
wbs_20260605,wbs,no_transcript,b003,t003,1163.024233,topic_to_topic,studio,,True,True,4.529999999999973,4.529999999999973,1167.554233,4.529999999999973
wbs_20260605,wbs,no_transcript,b004,t004,1215.154233,topic_to_topic,vtr,,True,True,2.400000000000091,2.400000000000091,1217.554233,2.400000000000091
wbs_20260605,wbs,no_transcript,b005,t005,1254.124233,topic_to_topic,vtr,,False,True,,-6.569999999999936,1247.554233,6.569999999999936
wbs_20260605,wbs,no_transcript,b006,t006,1295.7042330000002,topic_to_topic,vtr,,False,True,,11.849999999999909,1307.554233,11.849999999999909
wbs_20260605,wbs,no_transcript,b007,t007,1328.504233,topic_to_topic,studio,,False,True,,9.049999999999955,1337.554233,9.049999999999955
wbs_20260605,wbs,no_transcript,b008,t008,2043.034233,topic_to_non_editorial,program_teaser,,True,True,0.2199999999997999,0.2199999999997999,2043.2542329999999,0.2199999999997999
wbs_20260605,wbs,no_transcript,b009,t009,2460.7542329999997,topic_to_non_editorial,program_teaser,,True,True,-2.869999999999891,-2.869999999999891,2457.8842329999998,2.869999999999891
wbs_20260605,wbs,no_transcript,b010,t010,2740.334233,topic_to_non_editorial,bumper,,True,True,-4.140000000000327,-4.140000000000327,2736.1942329999997,4.140000000000327
wbs_20260605,wbs,no_transcript,b011,t011,2903.704233,topic_to_topic,bumper,,False,True,,8.849999999999909,2912.554233,8.849999999999909
wbs_20260605,wbs,no_transcript,b012,t012,2924.9042329999997,topic_to_topic,bumper,,True,True,2.650000000000091,2.650000000000091,2927.554233,2.650000000000091
wbs_20260605,wbs,no_transcript,b013,t013,2949.0042329999997,topic_to_topic,bumper,,True,True,3.550000000000182,3.550000000000182,2952.554233,3.550000000000182
wbs_20260605,wbs,no_transcript,b014,t014,2974.864233,topic_to_non_editorial,bumper,,True,True,-2.3099999999999454,-2.3099999999999454,2972.554233,2.3099999999999454
wbs_20260605,wbs,no_transcript,b015,t015,3284.264233,topic_to_topic,studio,,True,True,3.2899999999999636,3.2899999999999636,3287.554233,3.2899999999999636
wbs_20260605,wbs,no_transcript,b016,t016,3330.5042329999997,topic_to_program_end,other (WBS ending),,False,True,,12.050000000000182,3342.554233,12.050000000000182
wbs_20260605,wbs,no_vlm_no_ocr,b001,t001,511.26423300000005,topic_to_non_editorial,studio,,False,True,,15.07999999999987,526.3442329999999,15.07999999999987
wbs_20260605,wbs,no_vlm_no_ocr,b002,t002,844.284233,topic_to_topic,studio,,True,True,-0.009999999999990905,-0.009999999999990905,844.274233,0.009999999999990905
wbs_20260605,wbs,no_vlm_no_ocr,b003,t003,1163.024233,topic_to_topic,studio,,True,True,-0.10000000000013642,-0.10000000000013642,1162.924233,0.10000000000013642
wbs_20260605,wbs,no_vlm_no_ocr,b004,t004,1215.154233,topic_to_topic,vtr,,False,True,,-7.599999999999909,1207.554233,7.599999999999909
wbs_20260605,wbs,no_vlm_no_ocr,b005,t005,1254.124233,topic_to_topic,vtr,,True,True,-3.3099999999999454,-3.3099999999999454,1250.814233,3.3099999999999454
wbs_20260605,wbs,no_vlm_no_ocr,b006,t006,1295.7042330000002,topic_to_topic,vtr,,True,True,-0.15000000000009095,-0.15000000000009095,1295.554233,0.15000000000009095
wbs_20260605,wbs,no_vlm_no_ocr,b007,t007,1328.504233,topic_to_topic,studio,,True,True,-1.4800000000000182,-1.4800000000000182,1327.024233,1.4800000000000182
wbs_20260605,wbs,no_vlm_no_ocr,b008,t008,2043.034233,topic_to_non_editorial,program_teaser,,True,True,-0.05999999999994543,-0.05999999999994543,2042.9742330000001,0.05999999999994543
wbs_20260605,wbs,no_vlm_no_ocr,b009,t009,2460.7542329999997,topic_to_non_editorial,program_teaser,,True,True,-0.3999999999996362,-0.3999999999996362,2460.354233,0.3999999999996362
wbs_20260605,wbs,no_vlm_no_ocr,b010,t010,2740.334233,topic_to_non_editorial,bumper,,False,True,,7.2199999999998,2747.554233,7.2199999999998
wbs_20260605,wbs,no_vlm_no_ocr,b011,t011,2903.704233,topic_to_topic,bumper,,False,True,,-12.150000000000091,2891.554233,12.150000000000091
wbs_20260605,wbs,no_vlm_no_ocr,b012,t012,2924.9042329999997,topic_to_topic,bumper,,True,True,-3.549999999999727,-3.549999999999727,2921.354233,3.549999999999727
wbs_20260605,wbs,no_vlm_no_ocr,b013,t013,2949.0042329999997,topic_to_topic,bumper,,False,True,,10.550000000000182,2959.554233,10.550000000000182
wbs_20260605,wbs,no_vlm_no_ocr,b014,t014,2974.864233,topic_to_non_editorial,bumper,,False,True,,12.690000000000055,2987.554233,12.690000000000055
wbs_20260605,wbs,no_vlm_no_ocr,b015,t015,3284.264233,topic_to_topic,studio,,True,True,-1.25,-1.25,3283.014233,1.25
wbs_20260605,wbs,no_vlm_no_ocr,b016,t016,3330.5042329999997,topic_to_program_end,other (WBS ending),,False,True,,17.050000000000182,3347.554233,17.050000000000182
wbs_20260605,wbs,no_ocr,b001,t001,511.26423300000005,topic_to_non_editorial,studio,,False,True,,20.599999999999852,531.8642329999999,20.599999999999852
wbs_20260605,wbs,no_ocr,b002,t002,844.284233,topic_to_topic,studio,,True,True,-0.009999999999990905,-0.009999999999990905,844.274233,0.009999999999990905
wbs_20260605,wbs,no_ocr,b003,t003,1163.024233,topic_to_topic,studio,,True,True,-0.10000000000013642,-0.10000000000013642,1162.924233,0.10000000000013642
wbs_20260605,wbs,no_ocr,b004,t004,1215.154233,topic_to_topic,vtr,,False,False,,,1247.554233,32.40000000000009
wbs_20260605,wbs,no_ocr,b005,t005,1254.124233,topic_to_topic,vtr,,True,True,-3.3099999999999454,-3.3099999999999454,1250.814233,3.3099999999999454
wbs_20260605,wbs,no_ocr,b006,t006,1295.7042330000002,topic_to_topic,vtr,,False,True,,11.849999999999909,1307.554233,11.849999999999909
wbs_20260605,wbs,no_ocr,b007,t007,1328.504233,topic_to_topic,studio,,True,True,-1.4800000000000182,-1.4800000000000182,1327.024233,1.4800000000000182
wbs_20260605,wbs,no_ocr,b008,t008,2043.034233,topic_to_non_editorial,program_teaser,,True,True,0.2199999999997999,0.2199999999997999,2043.2542329999999,0.2199999999997999
wbs_20260605,wbs,no_ocr,b009,t009,2460.7542329999997,topic_to_non_editorial,program_teaser,,True,True,-0.3999999999996362,-0.3999999999996362,2460.354233,0.3999999999996362
wbs_20260605,wbs,no_ocr,b010,t010,2740.334233,topic_to_non_editorial,bumper,,True,True,-4.140000000000327,-4.140000000000327,2736.1942329999997,4.140000000000327
wbs_20260605,wbs,no_ocr,b011,t011,2903.704233,topic_to_topic,bumper,,False,True,,-6.710000000000036,2896.994233,6.710000000000036
wbs_20260605,wbs,no_ocr,b012,t012,2924.9042329999997,topic_to_topic,bumper,,True,True,2.650000000000091,2.650000000000091,2927.554233,2.650000000000091
wbs_20260605,wbs,no_ocr,b013,t013,2949.0042329999997,topic_to_topic,bumper,,False,False,,,2927.554233,21.449999999999818
wbs_20260605,wbs,no_ocr,b014,t014,2974.864233,topic_to_non_editorial,bumper,,True,True,-0.7899999999999636,-0.7899999999999636,2974.074233,0.7899999999999636
wbs_20260605,wbs,no_ocr,b015,t015,3284.264233,topic_to_topic,studio,,True,True,-1.25,-1.25,3283.014233,1.25
wbs_20260605,wbs,no_ocr,b016,t016,3330.5042329999997,topic_to_program_end,other (WBS ending),,False,False,,,3368.664233,38.16000000000031
wbs_20260610,wbs,full,b001,t001,140.642367,topic_to_topic,studio,,True,True,-0.6200000000000045,-0.6200000000000045,140.022367,0.6200000000000045
wbs_20260610,wbs,full,b002,t002,529.812367,topic_to_non_editorial,studio,,False,True,,12.330000000000041,542.142367,12.330000000000041
wbs_20260610,wbs,full,b003,t003,700.822367,topic_to_topic,studio,,True,True,1.2000000000000455,1.2000000000000455,702.022367,1.2000000000000455
wbs_20260610,wbs,full,b004,t004,1162.6523670000001,topic_to_topic,studio,,True,True,-0.6300000000001091,-0.6300000000001091,1162.022367,0.6300000000001091
wbs_20260610,wbs,full,b005,t005,1213.012367,topic_to_topic,vtr,,True,True,2.009999999999991,2.009999999999991,1215.022367,2.009999999999991
wbs_20260610,wbs,full,b006,t006,1253.302367,topic_to_topic,vtr,,True,True,-1.2799999999999727,-1.2799999999999727,1252.022367,1.2799999999999727
wbs_20260610,wbs,full,b007,t007,1295.752367,topic_to_topic,vtr,,False,True,,13.269999999999982,1309.022367,13.269999999999982
wbs_20260610,wbs,full,b008,t008,1402.582367,topic_to_non_editorial,sponsor,,False,True,,20.700000000000045,1423.282367,20.700000000000045
wbs_20260610,wbs,full,b009,t009,1793.222367,topic_to_non_editorial,program_teaser,,True,True,-0.900000000000091,-0.900000000000091,1792.322367,0.900000000000091
wbs_20260610,wbs,full,b010,t010,2340.632367,topic_to_non_editorial,program_teaser,,True,True,0.06999999999970896,0.06999999999970896,2340.702367,0.06999999999970896
wbs_20260610,wbs,full,b011,t011,2770.092367,topic_to_non_editorial,bumper,,False,True,,24.609999999999673,2794.702367,24.609999999999673
wbs_20260610,wbs,full,b012,t012,2936.562367,topic_to_topic,bumper,,True,True,-3.9299999999998363,-3.9299999999998363,2932.632367,3.9299999999998363
wbs_20260610,wbs,full,b013,t013,2963.0523670000002,topic_to_non_editorial,program_teaser,,False,True,,10.480000000000018,2973.5323670000002,10.480000000000018
wbs_20260610,wbs,full,b014,t014,3253.542367,topic_to_topic,vtr,,True,True,-0.5199999999999818,-0.5199999999999818,3253.022367,0.5199999999999818
wbs_20260610,wbs,full,b015,t015,3295.712367,topic_to_topic,studio,,True,True,-0.6900000000000546,-0.6900000000000546,3295.022367,0.6900000000000546
wbs_20260610,wbs,full,b016,t016,3349.562367,topic_to_program_end,other (WBS ending),,False,False,,,3383.872367,34.309999999999945
wbs_20260610,wbs,no_vlm,b001,t001,140.642367,topic_to_topic,studio,,True,True,-0.6200000000000045,-0.6200000000000045,140.022367,0.6200000000000045
wbs_20260610,wbs,no_vlm,b002,t002,529.812367,topic_to_non_editorial,studio,,False,True,,12.330000000000041,542.142367,12.330000000000041
wbs_20260610,wbs,no_vlm,b003,t003,700.822367,topic_to_topic,studio,,True,True,1.2000000000000455,1.2000000000000455,702.022367,1.2000000000000455
wbs_20260610,wbs,no_vlm,b004,t004,1162.6523670000001,topic_to_topic,studio,,True,True,-1.5300000000002,-1.5300000000002,1161.122367,1.5300000000002
wbs_20260610,wbs,no_vlm,b005,t005,1213.012367,topic_to_topic,vtr,,False,True,,-23.99000000000001,1189.022367,23.99000000000001
wbs_20260610,wbs,no_vlm,b006,t006,1253.302367,topic_to_topic,vtr,,True,True,-1.2799999999999727,-1.2799999999999727,1252.022367,1.2799999999999727
wbs_20260610,wbs,no_vlm,b007,t007,1295.752367,topic_to_topic,vtr,,False,True,,13.269999999999982,1309.022367,13.269999999999982
wbs_20260610,wbs,no_vlm,b008,t008,1402.582367,topic_to_non_editorial,sponsor,,False,True,,26.440000000000055,1429.022367,26.440000000000055
wbs_20260610,wbs,no_vlm,b009,t009,1793.222367,topic_to_non_editorial,program_teaser,,True,True,-0.900000000000091,-0.900000000000091,1792.322367,0.900000000000091
wbs_20260610,wbs,no_vlm,b010,t010,2340.632367,topic_to_non_editorial,program_teaser,,True,True,0.06999999999970896,0.06999999999970896,2340.702367,0.06999999999970896
wbs_20260610,wbs,no_vlm,b011,t011,2770.092367,topic_to_non_editorial,bumper,,False,True,,-21.070000000000164,2749.022367,21.070000000000164
wbs_20260610,wbs,no_vlm,b012,t012,2936.562367,topic_to_topic,bumper,,False,True,,-7.539999999999964,2929.022367,7.539999999999964
wbs_20260610,wbs,no_vlm,b013,t013,2963.0523670000002,topic_to_non_editorial,program_teaser,,False,True,,25.9699999999998,2989.022367,25.9699999999998
wbs_20260610,wbs,no_vlm,b014,t014,3253.542367,topic_to_topic,vtr,,False,True,,-24.519999999999982,3229.022367,24.519999999999982
wbs_20260610,wbs,no_vlm,b015,t015,3295.712367,topic_to_topic,studio,,False,True,,-6.690000000000055,3289.022367,6.690000000000055
wbs_20260610,wbs,no_vlm,b016,t016,3349.562367,topic_to_program_end,other (WBS ending),,True,True,-0.5399999999999636,-0.5399999999999636,3349.022367,0.5399999999999636
wbs_20260610,wbs,no_transcript,b001,t001,140.642367,topic_to_topic,studio,,False,False,,,109.022367,31.620000000000005
wbs_20260610,wbs,no_transcript,b002,t002,529.812367,topic_to_non_editorial,studio,,True,True,-0.7899999999999636,-0.7899999999999636,529.022367,0.7899999999999636
wbs_20260610,wbs,no_transcript,b003,t003,700.822367,topic_to_topic,studio,,False,True,,8.200000000000045,709.022367,8.200000000000045
wbs_20260610,wbs,no_transcript,b004,t004,1162.6523670000001,topic_to_topic,studio,,False,False,,,1189.022367,26.36999999999989
wbs_20260610,wbs,no_transcript,b005,t005,1213.012367,topic_to_topic,vtr,,False,True,,-23.99000000000001,1189.022367,23.99000000000001
wbs_20260610,wbs,no_transcript,b006,t006,1253.302367,topic_to_topic,vtr,,True,True,-4.279999999999973,-4.279999999999973,1249.022367,4.279999999999973
wbs_20260610,wbs,no_transcript,b007,t007,1295.752367,topic_to_topic,vtr,,False,True,,13.269999999999982,1309.022367,13.269999999999982
wbs_20260610,wbs,no_transcript,b008,t008,1402.582367,topic_to_non_editorial,sponsor,,False,True,,20.700000000000045,1423.282367,20.700000000000045
wbs_20260610,wbs,no_transcript,b009,t009,1793.222367,topic_to_non_editorial,program_teaser,,True,True,2.4300000000000637,2.4300000000000637,1795.6523670000001,2.4300000000000637
wbs_20260610,wbs,no_transcript,b010,t010,2340.632367,topic_to_non_editorial,program_teaser,,False,False,,,2374.842367,34.210000000000036
wbs_20260610,wbs,no_transcript,b011,t011,2770.092367,topic_to_non_editorial,bumper,,True,True,-4.170000000000073,-4.170000000000073,2765.922367,4.170000000000073
wbs_20260610,wbs,no_transcript,b012,t012,2936.562367,topic_to_topic,bumper,,False,True,,-7.539999999999964,2929.022367,7.539999999999964
wbs_20260610,wbs,no_transcript,b013,t013,2963.0523670000002,topic_to_non_editorial,program_teaser,,False,True,,5.789999999999964,2968.842367,5.789999999999964
wbs_20260610,wbs,no_transcript,b014,t014,3253.542367,topic_to_topic,vtr,,False,True,,5.480000000000018,3259.022367,5.480000000000018
wbs_20260610,wbs,no_transcript,b015,t015,3295.712367,topic_to_topic,studio,,False,True,,11.029999999999745,3306.742367,11.029999999999745
wbs_20260610,wbs,no_transcript,b016,t016,3349.562367,topic_to_program_end,other (WBS ending),,False,False,,,3306.742367,42.820000000000164
wbs_20260610,wbs,no_vlm_no_ocr,b001,t001,140.642367,topic_to_topic,studio,,True,True,-0.5999999999999943,-0.5999999999999943,140.042367,0.5999999999999943
wbs_20260610,wbs,no_vlm_no_ocr,b002,t002,529.812367,topic_to_non_editorial,studio,,False,True,,12.330000000000041,542.142367,12.330000000000041
wbs_20260610,wbs,no_vlm_no_ocr,b003,t003,700.822367,topic_to_topic,studio,,True,True,1.2000000000000455,1.2000000000000455,702.022367,1.2000000000000455
wbs_20260610,wbs,no_vlm_no_ocr,b004,t004,1162.6523670000001,topic_to_topic,studio,,False,True,,12.959999999999809,1175.612367,12.959999999999809
wbs_20260610,wbs,no_vlm_no_ocr,b005,t005,1213.012367,topic_to_topic,vtr,,False,False,,,1243.542367,30.529999999999973
wbs_20260610,wbs,no_vlm_no_ocr,b006,t006,1253.302367,topic_to_topic,vtr,,True,True,-4.279999999999973,-4.279999999999973,1249.022367,4.279999999999973
wbs_20260610,wbs,no_vlm_no_ocr,b007,t007,1295.752367,topic_to_topic,vtr,,False,True,,13.269999999999982,1309.022367,13.269999999999982
wbs_20260610,wbs,no_vlm_no_ocr,b008,t008,1402.582367,topic_to_non_editorial,sponsor,,False,True,,26.440000000000055,1429.022367,26.440000000000055
wbs_20260610,wbs,no_vlm_no_ocr,b009,t009,1793.222367,topic_to_non_editorial,program_teaser,,True,True,-0.900000000000091,-0.900000000000091,1792.322367,0.900000000000091
wbs_20260610,wbs,no_vlm_no_ocr,b010,t010,2340.632367,topic_to_non_editorial,program_teaser,,True,True,0.06999999999970896,0.06999999999970896,2340.702367,0.06999999999970896
wbs_20260610,wbs,no_vlm_no_ocr,b011,t011,2770.092367,topic_to_non_editorial,bumper,,False,False,,,2809.022367,38.929999999999836
wbs_20260610,wbs,no_vlm_no_ocr,b012,t012,2936.562367,topic_to_topic,bumper,,False,True,,-7.539999999999964,2929.022367,7.539999999999964
wbs_20260610,wbs,no_vlm_no_ocr,b013,t013,2963.0523670000002,topic_to_non_editorial,program_teaser,,False,True,,25.9699999999998,2989.022367,25.9699999999998
wbs_20260610,wbs,no_vlm_no_ocr,b014,t014,3253.542367,topic_to_topic,vtr,,False,True,,-24.519999999999982,3229.022367,24.519999999999982
wbs_20260610,wbs,no_vlm_no_ocr,b015,t015,3295.712367,topic_to_topic,studio,,False,True,,-6.690000000000055,3289.022367,6.690000000000055
wbs_20260610,wbs,no_vlm_no_ocr,b016,t016,3349.562367,topic_to_program_end,other (WBS ending),,True,True,-0.5399999999999636,-0.5399999999999636,3349.022367,0.5399999999999636
wbs_20260610,wbs,no_ocr,b001,t001,140.642367,topic_to_topic,studio,,True,True,-0.5999999999999943,-0.5999999999999943,140.042367,0.5999999999999943
wbs_20260610,wbs,no_ocr,b002,t002,529.812367,topic_to_non_editorial,studio,,False,True,,12.330000000000041,542.142367,12.330000000000041
wbs_20260610,wbs,no_ocr,b003,t003,700.822367,topic_to_topic,studio,,True,True,-0.5199999999999818,-0.5199999999999818,700.302367,0.5199999999999818
wbs_20260610,wbs,no_ocr,b004,t004,1162.6523670000001,topic_to_topic,studio,,True,True,-1.5300000000002,-1.5300000000002,1161.122367,1.5300000000002
wbs_20260610,wbs,no_ocr,b005,t005,1213.012367,topic_to_topic,vtr,,False,False,,,1243.542367,30.529999999999973
wbs_20260610,wbs,no_ocr,b006,t006,1253.302367,topic_to_topic,vtr,,True,True,-4.279999999999973,-4.279999999999973,1249.022367,4.279999999999973
wbs_20260610,wbs,no_ocr,b007,t007,1295.752367,topic_to_topic,vtr,,False,True,,13.269999999999982,1309.022367,13.269999999999982
wbs_20260610,wbs,no_ocr,b008,t008,1402.582367,topic_to_non_editorial,sponsor,,True,True,-1.1799999999998363,-1.1799999999998363,1401.4023670000001,1.1799999999998363
wbs_20260610,wbs,no_ocr,b009,t009,1793.222367,topic_to_non_editorial,program_teaser,,True,True,-0.900000000000091,-0.900000000000091,1792.322367,0.900000000000091
wbs_20260610,wbs,no_ocr,b010,t010,2340.632367,topic_to_non_editorial,program_teaser,,True,True,0.06999999999970896,0.06999999999970896,2340.702367,0.06999999999970896
wbs_20260610,wbs,no_ocr,b011,t011,2770.092367,topic_to_non_editorial,bumper,,False,False,,,2800.382367,30.289999999999964
wbs_20260610,wbs,no_ocr,b012,t012,2936.562367,topic_to_topic,bumper,,False,True,,-7.539999999999964,2929.022367,7.539999999999964
wbs_20260610,wbs,no_ocr,b013,t013,2963.0523670000002,topic_to_non_editorial,program_teaser,,False,True,,5.789999999999964,2968.842367,5.789999999999964
wbs_20260610,wbs,no_ocr,b014,t014,3253.542367,topic_to_topic,vtr,,False,True,,-24.519999999999982,3229.022367,24.519999999999982
wbs_20260610,wbs,no_ocr,b015,t015,3295.712367,topic_to_topic,studio,,False,True,,-6.690000000000055,3289.022367,6.690000000000055
wbs_20260610,wbs,no_ocr,b016,t016,3349.562367,topic_to_program_end,other (WBS ending),,True,True,-0.5399999999999636,-0.5399999999999636,3349.022367,0.5399999999999636
wbs_20260616,wbs,full,b001,t001,312.20246699999996,topic_to_topic,studio,,True,True,1.3700000000000045,1.3700000000000045,313.57246699999996,1.3700000000000045
wbs_20260616,wbs,full,b002,t002,977.8124670000001,topic_to_non_editorial,studio,,False,True,,14.309999999999945,992.122467,14.309999999999945
wbs_20260616,wbs,full,b003,t003,1311.312467,topic_to_non_editorial,studio,,True,True,-1.1900000000000546,-1.1900000000000546,1310.122467,1.1900000000000546
wbs_20260616,wbs,full,b004,t004,1604.862467,topic_to_topic,studio,,True,True,-1.9700000000000273,-1.9700000000000273,1602.892467,1.9700000000000273
wbs_20260616,wbs,full,b005,t005,1675.6624669999999,topic_to_topic,vtr,,False,True,,-6.539999999999964,1669.122467,6.539999999999964
wbs_20260616,wbs,full,b006,t006,1706.402467,topic_to_topic,vtr,,True,True,-0.2799999999999727,-0.2799999999999727,1706.122467,0.2799999999999727
wbs_20260616,wbs,full,b007,t007,1742.1724669999999,topic_to_topic,vtr,,False,True,,-13.049999999999955,1729.122467,13.049999999999955
wbs_20260616,wbs,full,b008,t008,1768.092467,topic_to_topic,vtr,,False,True,,21.029999999999973,1789.122467,21.029999999999973
wbs_20260616,wbs,full,b009,t009,1846.782467,topic_to_non_editorial,sponsor,,True,True,2.339999999999918,2.339999999999918,1849.122467,2.339999999999918
wbs_20260616,wbs,full,b010,t010,2564.492467,topic_to_non_editorial,program_teaser,,True,True,4.630000000000109,4.630000000000109,2569.122467,4.630000000000109
wbs_20260616,wbs,full,b011,t011,2733.9624670000003,topic_to_topic,bumper,,False,True,,15.159999999999854,2749.122467,15.159999999999854
wbs_20260616,wbs,full,b012,t012,2759.6324670000004,topic_to_topic,bumper,,True,True,-1.5100000000002183,-1.5100000000002183,2758.122467,1.5100000000002183
wbs_20260616,wbs,full,b013,t013,2785.832467,topic_to_non_editorial,bumper,,False,True,,7.570000000000164,2793.4024670000003,7.570000000000164
wbs_20260616,wbs,full,b014,t014,2999.1524670000003,topic_to_non_editorial,program_teaser,,False,False,,,3032.5024670000003,33.34999999999991
wbs_20260616,wbs,full,b015,t015,3292.182467,topic_to_topic,vtr,,True,True,-3.0599999999999454,-3.0599999999999454,3289.122467,3.0599999999999454
wbs_20260616,wbs,full,b016,t016,3323.622467,topic_to_topic,studio,,True,True,-1.5399999999999636,-1.5399999999999636,3322.082467,1.5399999999999636
wbs_20260616,wbs,full,b017,t017,3350.1324670000004,topic_to_program_end,other (WBS ending),,False,False,,,3322.082467,28.050000000000182
wbs_20260616,wbs,no_vlm,b001,t001,312.20246699999996,topic_to_topic,studio,,True,True,0.9200000000000728,0.9200000000000728,313.12246700000003,0.9200000000000728
wbs_20260616,wbs,no_vlm,b002,t002,977.8124670000001,topic_to_non_editorial,studio,,False,True,,14.309999999999945,992.122467,14.309999999999945
wbs_20260616,wbs,no_vlm,b003,t003,1311.312467,topic_to_non_editorial,studio,,True,True,-1.1900000000000546,-1.1900000000000546,1310.122467,1.1900000000000546
wbs_20260616,wbs,no_vlm,b004,t004,1604.862467,topic_to_topic,studio,,True,True,-1.9700000000000273,-1.9700000000000273,1602.892467,1.9700000000000273
wbs_20260616,wbs,no_vlm,b005,t005,1675.6624669999999,topic_to_topic,vtr,,False,True,,-6.539999999999964,1669.122467,6.539999999999964
wbs_20260616,wbs,no_vlm,b006,t006,1706.402467,topic_to_topic,vtr,,True,True,-0.2799999999999727,-0.2799999999999727,1706.122467,0.2799999999999727
wbs_20260616,wbs,no_vlm,b007,t007,1742.1724669999999,topic_to_topic,vtr,,False,True,,-13.049999999999955,1729.122467,13.049999999999955
wbs_20260616,wbs,no_vlm,b008,t008,1768.092467,topic_to_topic,vtr,,False,True,,21.029999999999973,1789.122467,21.029999999999973
wbs_20260616,wbs,no_vlm,b009,t009,1846.782467,topic_to_non_editorial,sponsor,,True,True,2.339999999999918,2.339999999999918,1849.122467,2.339999999999918
wbs_20260616,wbs,no_vlm,b010,t010,2564.492467,topic_to_non_editorial,program_teaser,,True,True,4.630000000000109,4.630000000000109,2569.122467,4.630000000000109
wbs_20260616,wbs,no_vlm,b011,t011,2733.9624670000003,topic_to_topic,bumper,,False,True,,15.159999999999854,2749.122467,15.159999999999854
wbs_20260616,wbs,no_vlm,b012,t012,2759.6324670000004,topic_to_topic,bumper,,True,True,-1.5100000000002183,-1.5100000000002183,2758.122467,1.5100000000002183
wbs_20260616,wbs,no_vlm,b013,t013,2785.832467,topic_to_non_editorial,bumper,,False,True,,23.289999999999964,2809.122467,23.289999999999964
wbs_20260616,wbs,no_vlm,b014,t014,2999.1524670000003,topic_to_non_editorial,program_teaser,,False,True,,-10.0300000000002,2989.122467,10.0300000000002
wbs_20260616,wbs,no_vlm,b015,t015,3292.182467,topic_to_topic,vtr,,True,True,-3.0599999999999454,-3.0599999999999454,3289.122467,3.0599999999999454
wbs_20260616,wbs,no_vlm,b016,t016,3323.622467,topic_to_topic,studio,,True,True,-1.5399999999999636,-1.5399999999999636,3322.082467,1.5399999999999636
wbs_20260616,wbs,no_vlm,b017,t017,3350.1324670000004,topic_to_program_end,other (WBS ending),,True,True,-1.0100000000002183,-1.0100000000002183,3349.122467,1.0100000000002183
wbs_20260616,wbs,no_transcript,b001,t001,312.20246699999996,topic_to_topic,studio,,False,False,,,349.12246700000003,36.92000000000007
wbs_20260616,wbs,no_transcript,b002,t002,977.8124670000001,topic_to_non_editorial,studio,,False,True,,11.309999999999945,989.122467,11.309999999999945
wbs_20260616,wbs,no_transcript,b003,t003,1311.312467,topic_to_non_editorial,studio,,True,True,2.8099999999999454,2.8099999999999454,1314.122467,2.8099999999999454
wbs_20260616,wbs,no_transcript,b004,t004,1604.862467,topic_to_topic,studio,,True,True,4.259999999999991,4.259999999999991,1609.122467,4.259999999999991
wbs_20260616,wbs,no_transcript,b005,t005,1675.6624669999999,topic_to_topic,vtr,,True,True,3.4600000000000364,3.4600000000000364,1679.122467,3.4600000000000364
wbs_20260616,wbs,no_transcript,b006,t006,1706.402467,topic_to_topic,vtr,,False,True,,17.720000000000027,1724.122467,17.720000000000027
wbs_20260616,wbs,no_transcript,b007,t007,1742.1724669999999,topic_to_topic,vtr,,False,True,,11.950000000000045,1754.122467,11.950000000000045
wbs_20260616,wbs,no_transcript,b008,t008,1768.092467,topic_to_topic,vtr,,False,True,,21.029999999999973,1754.122467,13.970000000000027
wbs_20260616,wbs,no_transcript,b009,t009,1846.782467,topic_to_non_editorial,sponsor,,True,True,2.339999999999918,2.339999999999918,1849.122467,2.339999999999918
wbs_20260616,wbs,no_transcript,b010,t010,2564.492467,topic_to_non_editorial,program_teaser,,False,True,,8.820000000000164,2573.312467,8.820000000000164
wbs_20260616,wbs,no_transcript,b011,t011,2733.9624670000003,topic_to_topic,bumper,,False,False,,,2749.122467,15.159999999999854
wbs_20260616,wbs,no_transcript,b012,t012,2759.6324670000004,topic_to_topic,bumper,,False,True,,-10.510000000000218,2749.122467,10.510000000000218
wbs_20260616,wbs,no_transcript,b013,t013,2785.832467,topic_to_non_editorial,bumper,,False,True,,7.570000000000164,2793.4024670000003,7.570000000000164
wbs_20260616,wbs,no_transcript,b014,t014,2999.1524670000003,topic_to_non_editorial,program_teaser,,False,True,,27.259999999999764,3026.412467,27.259999999999764
wbs_20260616,wbs,no_transcript,b015,t015,3292.182467,topic_to_topic,vtr,,False,False,,,3319.122467,26.940000000000055
wbs_20260616,wbs,no_transcript,b016,t016,3323.622467,topic_to_topic,studio,,True,True,-4.5,-4.5,3319.122467,4.5
wbs_20260616,wbs,no_transcript,b017,t017,3350.1324670000004,topic_to_program_end,other (WBS ending),,True,True,-1.0100000000002183,-1.0100000000002183,3349.122467,1.0100000000002183
wbs_20260616,wbs,no_vlm_no_ocr,b001,t001,312.20246699999996,topic_to_topic,studio,,True,True,1.3700000000000045,1.3700000000000045,313.57246699999996,1.3700000000000045
wbs_20260616,wbs,no_vlm_no_ocr,b002,t002,977.8124670000001,topic_to_non_editorial,studio,,False,True,,14.349999999999909,992.162467,14.349999999999909
wbs_20260616,wbs,no_vlm_no_ocr,b003,t003,1311.312467,topic_to_non_editorial,studio,,True,True,-1.2699999999999818,-1.2699999999999818,1310.042467,1.2699999999999818
wbs_20260616,wbs,no_vlm_no_ocr,b004,t004,1604.862467,topic_to_topic,studio,,True,True,-1.9700000000000273,-1.9700000000000273,1602.892467,1.9700000000000273
wbs_20260616,wbs,no_vlm_no_ocr,b005,t005,1675.6624669999999,topic_to_topic,vtr,,False,True,,-6.539999999999964,1669.122467,6.539999999999964
wbs_20260616,wbs,no_vlm_no_ocr,b006,t006,1706.402467,topic_to_topic,vtr,,True,True,-0.4900000000000091,-0.4900000000000091,1705.9124669999999,0.4900000000000091
wbs_20260616,wbs,no_vlm_no_ocr,b007,t007,1742.1724669999999,topic_to_topic,vtr,,False,True,,-13.049999999999955,1729.122467,13.049999999999955
wbs_20260616,wbs,no_vlm_no_ocr,b008,t008,1768.092467,topic_to_topic,vtr,,False,True,,21.029999999999973,1789.122467,21.029999999999973
wbs_20260616,wbs,no_vlm_no_ocr,b009,t009,1846.782467,topic_to_non_editorial,sponsor,,True,True,2.339999999999918,2.339999999999918,1849.122467,2.339999999999918
wbs_20260616,wbs,no_vlm_no_ocr,b010,t010,2564.492467,topic_to_non_editorial,program_teaser,,True,True,4.630000000000109,4.630000000000109,2569.122467,4.630000000000109
wbs_20260616,wbs,no_vlm_no_ocr,b011,t011,2733.9624670000003,topic_to_topic,bumper,,False,True,,15.159999999999854,2749.122467,15.159999999999854
wbs_20260616,wbs,no_vlm_no_ocr,b012,t012,2759.6324670000004,topic_to_topic,bumper,,True,True,-0.7000000000002728,-0.7000000000002728,2758.932467,0.7000000000002728
wbs_20260616,wbs,no_vlm_no_ocr,b013,t013,2785.832467,topic_to_non_editorial,bumper,,False,True,,23.289999999999964,2809.122467,23.289999999999964
wbs_20260616,wbs,no_vlm_no_ocr,b014,t014,2999.1524670000003,topic_to_non_editorial,program_teaser,,False,False,,,3049.122467,49.9699999999998
wbs_20260616,wbs,no_vlm_no_ocr,b015,t015,3292.182467,topic_to_topic,vtr,,True,True,-3.0599999999999454,-3.0599999999999454,3289.122467,3.0599999999999454
wbs_20260616,wbs,no_vlm_no_ocr,b016,t016,3323.622467,topic_to_topic,studio,,True,True,-1.5399999999999636,-1.5399999999999636,3322.082467,1.5399999999999636
wbs_20260616,wbs,no_vlm_no_ocr,b017,t017,3350.1324670000004,topic_to_program_end,other (WBS ending),,True,True,-1.0100000000002183,-1.0100000000002183,3349.122467,1.0100000000002183
wbs_20260616,wbs,no_ocr,b001,t001,312.20246699999996,topic_to_topic,studio,,True,True,1.3700000000000045,1.3700000000000045,313.57246699999996,1.3700000000000045
wbs_20260616,wbs,no_ocr,b002,t002,977.8124670000001,topic_to_non_editorial,studio,,False,True,,14.349999999999909,992.162467,14.349999999999909
wbs_20260616,wbs,no_ocr,b003,t003,1311.312467,topic_to_non_editorial,studio,,False,True,,9.470000000000027,1320.782467,9.470000000000027
wbs_20260616,wbs,no_ocr,b004,t004,1604.862467,topic_to_topic,studio,,True,True,-1.9700000000000273,-1.9700000000000273,1602.892467,1.9700000000000273
wbs_20260616,wbs,no_ocr,b005,t005,1675.6624669999999,topic_to_topic,vtr,,False,True,,-9.259999999999991,1666.402467,9.259999999999991
wbs_20260616,wbs,no_ocr,b006,t006,1706.402467,topic_to_topic,vtr,,False,True,,22.720000000000027,1729.122467,22.720000000000027
wbs_20260616,wbs,no_ocr,b007,t007,1742.1724669999999,topic_to_topic,vtr,,False,True,,5.670000000000073,1747.842467,5.670000000000073
wbs_20260616,wbs,no_ocr,b008,t008,1768.092467,topic_to_topic,vtr,,False,True,,21.029999999999973,1747.842467,20.25
wbs_20260616,wbs,no_ocr,b009,t009,1846.782467,topic_to_non_editorial,sponsor,,True,True,2.339999999999918,2.339999999999918,1849.122467,2.339999999999918
wbs_20260616,wbs,no_ocr,b010,t010,2564.492467,topic_to_non_editorial,program_teaser,,True,True,-2.3399999999996908,-2.3399999999996908,2562.1524670000003,2.3399999999996908
wbs_20260616,wbs,no_ocr,b011,t011,2733.9624670000003,topic_to_topic,bumper,,False,True,,15.159999999999854,2749.122467,15.159999999999854
wbs_20260616,wbs,no_ocr,b012,t012,2759.6324670000004,topic_to_topic,bumper,,True,True,-0.08000000000038199,-0.08000000000038199,2759.552467,0.08000000000038199
wbs_20260616,wbs,no_ocr,b013,t013,2785.832467,topic_to_non_editorial,bumper,,True,True,-1.0399999999999636,-1.0399999999999636,2784.792467,1.0399999999999636
wbs_20260616,wbs,no_ocr,b014,t014,2999.1524670000003,topic_to_non_editorial,program_teaser,,False,True,,27.259999999999764,3026.412467,27.259999999999764
wbs_20260616,wbs,no_ocr,b015,t015,3292.182467,topic_to_topic,vtr,,False,True,,-12.799999999999727,3279.3824670000004,12.799999999999727
wbs_20260616,wbs,no_ocr,b016,t016,3323.622467,topic_to_topic,studio,,True,True,-1.5399999999999636,-1.5399999999999636,3322.082467,1.5399999999999636
wbs_20260616,wbs,no_ocr,b017,t017,3350.1324670000004,topic_to_program_end,other (WBS ending),,False,False,,,3322.082467,28.050000000000182
wbs_20260622,wbs,full,b001,t001,522.4216670000001,topic_to_non_editorial,studio,,False,True,,16.17999999999995,538.601667,16.17999999999995
wbs_20260622,wbs,full,b002,t002,881.631667,topic_to_topic,studio,,True,True,2.6900000000000546,2.6900000000000546,884.321667,2.6900000000000546
wbs_20260622,wbs,full,b003,t003,1315.8916669999999,topic_to_topic,studio,,True,True,-0.5699999999999363,-0.5699999999999363,1315.321667,0.5699999999999363
wbs_20260622,wbs,full,b004,t004,1366.6416669999999,topic_to_topic,vtr,,True,True,1.6800000000000637,1.6800000000000637,1368.321667,1.6800000000000637
wbs_20260622,wbs,full,b005,t005,1400.521667,topic_to_topic,vtr,,True,True,-1.2000000000000455,-1.2000000000000455,1399.321667,1.2000000000000455
wbs_20260622,wbs,full,b006,t006,1519.531667,topic_to_topic,studio,,True,True,-1.2100000000000364,-1.2100000000000364,1518.321667,1.2100000000000364
wbs_20260622,wbs,full,b007,t007,1596.481667,topic_to_non_editorial,sponsor,,False,True,,11.839999999999918,1608.321667,11.839999999999918
wbs_20260622,wbs,full,b008,t008,2398.261667,topic_to_non_editorial,broadcaster_service_or_broadcast_announcement,,False,True,,-9.940000000000055,2388.321667,9.940000000000055
wbs_20260622,wbs,full,b009,t009,2702.591667,topic_to_non_editorial,bumper,,False,True,,29.84999999999991,2732.441667,29.84999999999991
wbs_20260622,wbs,full,b010,t010,2871.781667,topic_to_topic,bumper,,True,True,-3.4600000000000364,-3.4600000000000364,2868.321667,3.4600000000000364
wbs_20260622,wbs,full,b011,t011,2899.4316670000003,topic_to_topic,bumper,,True,True,2.8899999999998727,2.8899999999998727,2902.321667,2.8899999999998727
wbs_20260622,wbs,full,b012,t012,2928.4516670000003,topic_to_topic,bumper,,True,True,-0.13000000000010914,-0.13000000000010914,2928.321667,0.13000000000010914
wbs_20260622,wbs,full,b013,t013,2957.381667,topic_to_topic,studio,,True,True,-1.7999999999997272,-1.7999999999997272,2955.5816670000004,1.7999999999997272
wbs_20260622,wbs,full,b014,t014,2983.361667,topic_to_non_editorial,program_teaser,,False,True,,5.889999999999873,2989.251667,5.889999999999873
wbs_20260622,wbs,full,b015,t015,3253.361667,topic_to_topic,vtr,,True,True,2.2600000000002183,2.2600000000002183,3255.6216670000003,2.2600000000002183
wbs_20260622,wbs,full,b016,t016,3297.3916670000003,topic_to_topic,studio,,False,True,,8.929999999999836,3306.321667,8.929999999999836
wbs_20260622,wbs,full,b017,t017,3348.981667,topic_to_program_end,other (WBS ending),,True,True,-0.6599999999998545,-0.6599999999998545,3348.321667,0.6599999999998545
wbs_20260622,wbs,no_vlm,b001,t001,522.4216670000001,topic_to_non_editorial,studio,,False,True,,16.17999999999995,538.601667,16.17999999999995
wbs_20260622,wbs,no_vlm,b002,t002,881.631667,topic_to_topic,studio,,True,True,-0.17999999999994998,-0.17999999999994998,881.451667,0.17999999999994998
wbs_20260622,wbs,no_vlm,b003,t003,1315.8916669999999,topic_to_topic,studio,,True,True,-0.5699999999999363,-0.5699999999999363,1315.321667,0.5699999999999363
wbs_20260622,wbs,no_vlm,b004,t004,1366.6416669999999,topic_to_topic,vtr,,False,False,,,1399.321667,32.680000000000064
wbs_20260622,wbs,no_vlm,b005,t005,1400.521667,topic_to_topic,vtr,,True,True,-1.2000000000000455,-1.2000000000000455,1399.321667,1.2000000000000455
wbs_20260622,wbs,no_vlm,b006,t006,1519.531667,topic_to_topic,studio,,True,True,-1.2100000000000364,-1.2100000000000364,1518.321667,1.2100000000000364
wbs_20260622,wbs,no_vlm,b007,t007,1596.481667,topic_to_non_editorial,sponsor,,False,True,,11.839999999999918,1608.321667,11.839999999999918
wbs_20260622,wbs,no_vlm,b008,t008,2398.261667,topic_to_non_editorial,broadcaster_service_or_broadcast_announcement,,False,False,,,2448.321667,50.059999999999945
wbs_20260622,wbs,no_vlm,b009,t009,2702.591667,topic_to_non_editorial,bumper,,False,True,,-14.269999999999982,2688.321667,14.269999999999982
wbs_20260622,wbs,no_vlm,b010,t010,2871.781667,topic_to_topic,bumper,,True,True,-3.4600000000000364,-3.4600000000000364,2868.321667,3.4600000000000364
wbs_20260622,wbs,no_vlm,b011,t011,2899.4316670000003,topic_to_topic,bumper,,True,True,4.889999999999873,4.889999999999873,2904.321667,4.889999999999873
wbs_20260622,wbs,no_vlm,b012,t012,2928.4516670000003,topic_to_topic,bumper,,True,True,-0.13000000000010914,-0.13000000000010914,2928.321667,0.13000000000010914
wbs_20260622,wbs,no_vlm,b013,t013,2957.381667,topic_to_topic,studio,,True,True,-1.7999999999997272,-1.7999999999997272,2955.5816670000004,1.7999999999997272
wbs_20260622,wbs,no_vlm,b014,t014,2983.361667,topic_to_non_editorial,program_teaser,,True,True,4.960000000000036,4.960000000000036,2988.321667,4.960000000000036
wbs_20260622,wbs,no_vlm,b015,t015,3253.361667,topic_to_topic,vtr,,False,False,,,3288.321667,34.960000000000036
wbs_20260622,wbs,no_vlm,b016,t016,3297.3916670000003,topic_to_topic,studio,,False,True,,-9.070000000000164,3288.321667,9.070000000000164
wbs_20260622,wbs,no_vlm,b017,t017,3348.981667,topic_to_program_end,other (WBS ending),,True,True,-0.6599999999998545,-0.6599999999998545,3348.321667,0.6599999999998545
wbs_20260622,wbs,no_transcript,b001,t001,522.4216670000001,topic_to_non_editorial,studio,,False,True,,5.899999999999977,528.321667,5.899999999999977
wbs_20260622,wbs,no_transcript,b002,t002,881.631667,topic_to_topic,studio,,False,True,,6.690000000000055,888.321667,6.690000000000055
wbs_20260622,wbs,no_transcript,b003,t003,1315.8916669999999,topic_to_topic,studio,,False,True,,-7.569999999999936,1308.321667,7.569999999999936
wbs_20260622,wbs,no_transcript,b004,t004,1366.6416669999999,topic_to_topic,vtr,,True,True,1.6800000000000637,1.6800000000000637,1368.321667,1.6800000000000637
wbs_20260622,wbs,no_transcript,b005,t005,1400.521667,topic_to_topic,vtr,,False,True,,27.799999999999955,1428.321667,27.799999999999955
wbs_20260622,wbs,no_transcript,b006,t006,1519.531667,topic_to_topic,studio,,False,False,,,1488.321667,31.210000000000036
wbs_20260622,wbs,no_transcript,b007,t007,1596.481667,topic_to_non_editorial,sponsor,,False,True,,11.839999999999918,1608.321667,11.839999999999918
wbs_20260622,wbs,no_transcript,b008,t008,2398.261667,topic_to_non_editorial,broadcaster_service_or_broadcast_announcement,,False,False,,,2457.801667,59.539999999999964
wbs_20260622,wbs,no_transcript,b009,t009,2702.591667,topic_to_non_editorial,bumper,,False,True,,29.84999999999991,2732.441667,29.84999999999991
wbs_20260622,wbs,no_transcript,b010,t010,2871.781667,topic_to_topic,bumper,,False,True,,8.539999999999964,2880.321667,8.539999999999964
wbs_20260622,wbs,no_transcript,b011,t011,2899.4316670000003,topic_to_topic,bumper,,True,True,0.8899999999998727,0.8899999999998727,2900.321667,0.8899999999998727
wbs_20260622,wbs,no_transcript,b012,t012,2928.4516670000003,topic_to_topic,bumper,,False,True,,-8.13000000000011,2920.321667,8.13000000000011
wbs_20260622,wbs,no_transcript,b013,t013,2957.381667,topic_to_topic,studio,,False,True,,-9.059999999999945,2948.321667,9.059999999999945
wbs_20260622,wbs,no_transcript,b014,t014,2983.361667,topic_to_non_editorial,program_teaser,,True,True,4.960000000000036,4.960000000000036,2988.321667,4.960000000000036
wbs_20260622,wbs,no_transcript,b015,t015,3253.361667,topic_to_topic,vtr,,True,True,4.960000000000036,4.960000000000036,3258.321667,4.960000000000036
wbs_20260622,wbs,no_transcript,b016,t016,3297.3916670000003,topic_to_topic,studio,,False,False,,,3323.321667,25.929999999999836
wbs_20260622,wbs,no_transcript,b017,t017,3348.981667,topic_to_program_end,other (WBS ending),,False,True,,-25.659999999999854,3323.321667,25.659999999999854
wbs_20260622,wbs,no_vlm_no_ocr,b001,t001,522.4216670000001,topic_to_non_editorial,studio,,False,True,,16.17999999999995,538.601667,16.17999999999995
wbs_20260622,wbs,no_vlm_no_ocr,b002,t002,881.631667,topic_to_topic,studio,,True,True,-0.17999999999994998,-0.17999999999994998,881.451667,0.17999999999994998
wbs_20260622,wbs,no_vlm_no_ocr,b003,t003,1315.8916669999999,topic_to_topic,studio,,True,True,-0.5099999999999909,-0.5099999999999909,1315.3816669999999,0.5099999999999909
wbs_20260622,wbs,no_vlm_no_ocr,b004,t004,1366.6416669999999,topic_to_topic,vtr,,True,True,1.6800000000000637,1.6800000000000637,1368.321667,1.6800000000000637
wbs_20260622,wbs,no_vlm_no_ocr,b005,t005,1400.521667,topic_to_topic,vtr,,True,True,-2.2000000000000455,-2.2000000000000455,1398.321667,2.2000000000000455
wbs_20260622,wbs,no_vlm_no_ocr,b006,t006,1519.531667,topic_to_topic,studio,,True,True,-1.75,-1.75,1517.781667,1.75
wbs_20260622,wbs,no_vlm_no_ocr,b007,t007,1596.481667,topic_to_non_editorial,sponsor,,False,True,,11.839999999999918,1608.321667,11.839999999999918
wbs_20260622,wbs,no_vlm_no_ocr,b008,t008,2398.261667,topic_to_non_editorial,broadcaster_service_or_broadcast_announcement,,False,False,,,2448.321667,50.059999999999945
wbs_20260622,wbs,no_vlm_no_ocr,b009,t009,2702.591667,topic_to_non_editorial,bumper,,False,True,,-14.269999999999982,2688.321667,14.269999999999982
wbs_20260622,wbs,no_vlm_no_ocr,b010,t010,2871.781667,topic_to_topic,bumper,,True,True,-3.4600000000000364,-3.4600000000000364,2868.321667,3.4600000000000364
wbs_20260622,wbs,no_vlm_no_ocr,b011,t011,2899.4316670000003,topic_to_topic,bumper,,False,True,,6.889999999999873,2906.321667,6.889999999999873
wbs_20260622,wbs,no_vlm_no_ocr,b012,t012,2928.4516670000003,topic_to_topic,bumper,,False,True,,7.869999999999891,2936.321667,7.869999999999891
wbs_20260622,wbs,no_vlm_no_ocr,b013,t013,2957.381667,topic_to_topic,studio,,True,True,-1.7999999999997272,-1.7999999999997272,2955.5816670000004,1.7999999999997272
wbs_20260622,wbs,no_vlm_no_ocr,b014,t014,2983.361667,topic_to_non_editorial,program_teaser,,True,True,4.960000000000036,4.960000000000036,2988.321667,4.960000000000036
wbs_20260622,wbs,no_vlm_no_ocr,b015,t015,3253.361667,topic_to_topic,vtr,,False,True,,19.960000000000036,3273.321667,19.960000000000036
wbs_20260622,wbs,no_vlm_no_ocr,b016,t016,3297.3916670000003,topic_to_topic,studio,,False,True,,20.929999999999836,3318.321667,20.929999999999836
wbs_20260622,wbs,no_vlm_no_ocr,b017,t017,3348.981667,topic_to_program_end,other (WBS ending),,True,True,-0.6599999999998545,-0.6599999999998545,3348.321667,0.6599999999998545
wbs_20260622,wbs,no_ocr,b001,t001,522.4216670000001,topic_to_non_editorial,studio,,False,True,,16.17999999999995,538.601667,16.17999999999995
wbs_20260622,wbs,no_ocr,b002,t002,881.631667,topic_to_topic,studio,,True,True,-0.17999999999994998,-0.17999999999994998,881.451667,0.17999999999994998
wbs_20260622,wbs,no_ocr,b003,t003,1315.8916669999999,topic_to_topic,studio,,True,True,-0.5099999999999909,-0.5099999999999909,1315.3816669999999,0.5099999999999909
wbs_20260622,wbs,no_ocr,b004,t004,1366.6416669999999,topic_to_topic,vtr,,True,True,1.6800000000000637,1.6800000000000637,1368.321667,1.6800000000000637
wbs_20260622,wbs,no_ocr,b005,t005,1400.521667,topic_to_topic,vtr,,True,True,-2.2000000000000455,-2.2000000000000455,1398.321667,2.2000000000000455
wbs_20260622,wbs,no_ocr,b006,t006,1519.531667,topic_to_topic,studio,,True,True,-1.75,-1.75,1517.781667,1.75
wbs_20260622,wbs,no_ocr,b007,t007,1596.481667,topic_to_non_editorial,sponsor,,False,True,,11.839999999999918,1608.321667,11.839999999999918
wbs_20260622,wbs,no_ocr,b008,t008,2398.261667,topic_to_non_editorial,broadcaster_service_or_broadcast_announcement,,False,True,,16.289999999999964,2414.551667,16.289999999999964
wbs_20260622,wbs,no_ocr,b009,t009,2702.591667,topic_to_non_editorial,bumper,,False,True,,-5.5900000000001455,2697.001667,5.5900000000001455
wbs_20260622,wbs,no_ocr,b010,t010,2871.781667,topic_to_topic,bumper,,True,True,-3.4600000000000364,-3.4600000000000364,2868.321667,3.4600000000000364
wbs_20260622,wbs,no_ocr,b011,t011,2899.4316670000003,topic_to_topic,bumper,,True,True,4.889999999999873,4.889999999999873,2904.321667,4.889999999999873
wbs_20260622,wbs,no_ocr,b012,t012,2928.4516670000003,topic_to_topic,bumper,,True,True,-0.13000000000010914,-0.13000000000010914,2928.321667,0.13000000000010914
wbs_20260622,wbs,no_ocr,b013,t013,2957.381667,topic_to_topic,studio,,True,True,-1.7999999999997272,-1.7999999999997272,2955.5816670000004,1.7999999999997272
wbs_20260622,wbs,no_ocr,b014,t014,2983.361667,topic_to_non_editorial,program_teaser,,False,True,,5.889999999999873,2989.251667,5.889999999999873
wbs_20260622,wbs,no_ocr,b015,t015,3253.361667,topic_to_topic,vtr,,False,True,,6.960000000000036,3260.321667,6.960000000000036
wbs_20260622,wbs,no_ocr,b016,t016,3297.3916670000003,topic_to_topic,studio,,False,True,,6.929999999999836,3304.321667,6.929999999999836
wbs_20260622,wbs,no_ocr,b017,t017,3348.981667,topic_to_program_end,other (WBS ending),,False,True,,-6.6599999999998545,3342.321667,6.6599999999998545
wbs_20260625,wbs,full,b001,t001,392.674833,topic_to_non_editorial,studio,,False,True,,19.439999999999998,412.114833,19.439999999999998
wbs_20260625,wbs,full,b002,t002,852.414833,topic_to_topic,studio,,True,True,-0.2599999999999909,-0.2599999999999909,852.154833,0.2599999999999909
wbs_20260625,wbs,full,b003,t003,1282.024833,topic_to_topic,studio,,True,True,2.130000000000109,2.130000000000109,1284.154833,2.130000000000109
wbs_20260625,wbs,full,b004,t004,1326.364833,topic_to_topic,vtr,,False,True,,-18.210000000000036,1308.154833,18.210000000000036
wbs_20260625,wbs,full,b005,t005,1358.614833,topic_to_topic,vtr,,True,True,-0.4600000000000364,-0.4600000000000364,1358.154833,0.4600000000000364
wbs_20260625,wbs,full,b006,t006,1389.0448330000002,topic_to_topic,vtr,,False,True,,-20.8900000000001,1368.154833,20.8900000000001
wbs_20260625,wbs,full,b007,t007,1425.484833,topic_to_topic,vtr,,True,True,-1.3299999999999272,-1.3299999999999272,1424.154833,1.3299999999999272
wbs_20260625,wbs,full,b008,t008,1456.5748330000001,topic_to_non_editorial,sponsor,,False,True,,24.299999999999955,1480.874833,24.299999999999955
wbs_20260625,wbs,full,b009,t009,1985.174833,topic_to_topic,studio,,True,True,-4.019999999999982,-4.019999999999982,1981.154833,4.019999999999982
wbs_20260625,wbs,full,b010,t010,2032.5448330000002,topic_to_non_editorial,program_teaser,,True,True,3.119999999999891,3.119999999999891,2035.664833,3.119999999999891
wbs_20260625,wbs,full,b011,t011,2389.614833,topic_to_non_editorial,program_teaser,,False,True,,7.630000000000109,2397.244833,7.630000000000109
wbs_20260625,wbs,full,b012,t012,2739.034833,topic_to_non_editorial,bumper,,True,True,2.9699999999998,2.9699999999998,2742.004833,2.9699999999998
wbs_20260625,wbs,full,b013,t013,2909.234833,topic_to_topic,bumper,,False,False,,,2928.154833,18.920000000000073
wbs_20260625,wbs,full,b014,t014,2934.9348330000003,topic_to_topic,bumper,,False,True,,-6.7800000000002,2928.154833,6.7800000000002
wbs_20260625,wbs,full,b015,t015,2960.764833,topic_to_topic,bumper,,False,True,,7.389999999999873,2968.154833,7.389999999999873
wbs_20260625,wbs,full,b016,t016,2990.444833,topic_to_non_editorial,program_teaser,,False,True,,5.130000000000109,2995.574833,5.130000000000109
wbs_20260625,wbs,full,b017,t017,3286.584833,topic_to_topic,studio,,True,True,-3.869999999999891,-3.869999999999891,3282.714833,3.869999999999891
wbs_20260625,wbs,full,b018,t018,3334.014833,topic_to_program_end,other (WBS ending),,True,True,-2.430000000000291,-2.430000000000291,3331.584833,2.430000000000291
wbs_20260625,wbs,no_vlm,b001,t001,392.674833,topic_to_non_editorial,studio,,False,True,,19.439999999999998,412.114833,19.439999999999998
wbs_20260625,wbs,no_vlm,b002,t002,852.414833,topic_to_topic,studio,,True,True,-0.9399999999999409,-0.9399999999999409,851.4748330000001,0.9399999999999409
wbs_20260625,wbs,no_vlm,b003,t003,1282.024833,topic_to_topic,studio,,True,True,-0.8699999999998909,-0.8699999999998909,1281.154833,0.8699999999998909
wbs_20260625,wbs,no_vlm,b004,t004,1326.364833,topic_to_topic,vtr,,False,True,,-18.210000000000036,1308.154833,18.210000000000036
wbs_20260625,wbs,no_vlm,b005,t005,1358.614833,topic_to_topic,vtr,,True,True,-0.4600000000000364,-0.4600000000000364,1358.154833,0.4600000000000364
wbs_20260625,wbs,no_vlm,b006,t006,1389.0448330000002,topic_to_topic,vtr,,False,True,,-20.8900000000001,1368.154833,20.8900000000001
wbs_20260625,wbs,no_vlm,b007,t007,1425.484833,topic_to_topic,vtr,,True,True,-1.3299999999999272,-1.3299999999999272,1424.154833,1.3299999999999272
wbs_20260625,wbs,no_vlm,b008,t008,1456.5748330000001,topic_to_non_editorial,sponsor,,False,False,,,1488.154833,31.579999999999927
wbs_20260625,wbs,no_vlm,b009,t009,1985.174833,topic_to_topic,studio,,True,True,-2.2999999999999545,-2.2999999999999545,1982.874833,2.2999999999999545
wbs_20260625,wbs,no_vlm,b010,t010,2032.5448330000002,topic_to_non_editorial,program_teaser,,True,True,-4.3900000000001,-4.3900000000001,2028.154833,4.3900000000001
wbs_20260625,wbs,no_vlm,b011,t011,2389.614833,topic_to_non_editorial,program_teaser,,True,True,-0.15999999999985448,-0.15999999999985448,2389.4548330000002,0.15999999999985448
wbs_20260625,wbs,no_vlm,b012,t012,2739.034833,topic_to_non_editorial,bumper,,False,True,,9.11999999999989,2748.154833,9.11999999999989
wbs_20260625,wbs,no_vlm,b013,t013,2909.234833,topic_to_topic,bumper,,False,True,,18.920000000000073,2928.154833,18.920000000000073
wbs_20260625,wbs,no_vlm,b014,t014,2934.9348330000003,topic_to_topic,bumper,,True,True,-1.7800000000002,-1.7800000000002,2933.154833,1.7800000000002
wbs_20260625,wbs,no_vlm,b015,t015,2960.764833,topic_to_topic,bumper,,False,False,,,2988.154833,27.389999999999873
wbs_20260625,wbs,no_vlm,b016,t016,2990.444833,topic_to_non_editorial,program_teaser,,True,True,-2.2899999999999636,-2.2899999999999636,2988.154833,2.2899999999999636
wbs_20260625,wbs,no_vlm,b017,t017,3286.584833,topic_to_topic,studio,,True,True,-1.4299999999998363,-1.4299999999998363,3285.154833,1.4299999999998363
wbs_20260625,wbs,no_vlm,b018,t018,3334.014833,topic_to_program_end,other (WBS ending),,False,True,,14.139999999999873,3348.154833,14.139999999999873
wbs_20260625,wbs,no_transcript,b001,t001,392.674833,topic_to_non_editorial,studio,,False,True,,15.480000000000018,408.154833,15.480000000000018
wbs_20260625,wbs,no_transcript,b002,t002,852.414833,topic_to_topic,studio,,False,False,,,888.154833,35.74000000000001
wbs_20260625,wbs,no_transcript,b003,t003,1282.024833,topic_to_topic,studio,,False,True,,26.13000000000011,1308.154833,26.13000000000011
wbs_20260625,wbs,no_transcript,b004,t004,1326.364833,topic_to_topic,vtr,,False,True,,15.789999999999964,1342.154833,15.789999999999964
wbs_20260625,wbs,no_transcript,b005,t005,1358.614833,topic_to_topic,vtr,,False,True,,9.539999999999964,1368.154833,9.539999999999964
wbs_20260625,wbs,no_transcript,b006,t006,1389.0448330000002,topic_to_topic,vtr,,False,True,,15.1099999999999,1404.154833,15.1099999999999
wbs_20260625,wbs,no_transcript,b007,t007,1425.484833,topic_to_topic,vtr,,True,True,2.6700000000000728,2.6700000000000728,1428.154833,2.6700000000000728
wbs_20260625,wbs,no_transcript,b008,t008,1456.5748330000001,topic_to_non_editorial,sponsor,,False,False,,,1428.154833,28.420000000000073
wbs_20260625,wbs,no_transcript,b009,t009,1985.174833,topic_to_topic,studio,,True,True,0.9800000000000182,0.9800000000000182,1986.154833,0.9800000000000182
wbs_20260625,wbs,no_transcript,b010,t010,2032.5448330000002,topic_to_non_editorial,program_teaser,,False,True,,6.930000000000064,2039.4748330000002,6.930000000000064
wbs_20260625,wbs,no_transcript,b011,t011,2389.614833,topic_to_non_editorial,program_teaser,,False,False,,,2420.084833,30.4699999999998
wbs_20260625,wbs,no_transcript,b012,t012,2739.034833,topic_to_non_editorial,bumper,,True,True,-2.619999999999891,-2.619999999999891,2736.4148330000003,2.619999999999891
wbs_20260625,wbs,no_transcript,b013,t013,2909.234833,topic_to_topic,bumper,,True,True,3.9200000000000728,3.9200000000000728,2913.154833,3.9200000000000728
wbs_20260625,wbs,no_transcript,b014,t014,2934.9348330000003,topic_to_topic,bumper,,False,False,,,2948.154833,13.2199999999998
wbs_20260625,wbs,no_transcript,b015,t015,2960.764833,topic_to_topic,bumper,,False,True,,-12.610000000000127,2948.154833,12.610000000000127
wbs_20260625,wbs,no_transcript,b016,t016,2990.444833,topic_to_non_editorial,program_teaser,,False,True,,-12.289999999999964,2978.154833,12.289999999999964
wbs_20260625,wbs,no_transcript,b017,t017,3286.584833,topic_to_topic,studio,,True,True,-3.869999999999891,-3.869999999999891,3282.714833,3.869999999999891
wbs_20260625,wbs,no_transcript,b018,t018,3334.014833,topic_to_program_end,other (WBS ending),,False,True,,14.139999999999873,3348.154833,14.139999999999873
wbs_20260625,wbs,no_vlm_no_ocr,b001,t001,392.674833,topic_to_non_editorial,studio,,False,True,,19.439999999999998,412.114833,19.439999999999998
wbs_20260625,wbs,no_vlm_no_ocr,b002,t002,852.414833,topic_to_topic,studio,,True,True,-0.9399999999999409,-0.9399999999999409,851.4748330000001,0.9399999999999409
wbs_20260625,wbs,no_vlm_no_ocr,b003,t003,1282.024833,topic_to_topic,studio,,True,True,-0.23999999999978172,-0.23999999999978172,1281.7848330000002,0.23999999999978172
wbs_20260625,wbs,no_vlm_no_ocr,b004,t004,1326.364833,topic_to_topic,vtr,,False,True,,-18.210000000000036,1308.154833,18.210000000000036
wbs_20260625,wbs,no_vlm_no_ocr,b005,t005,1358.614833,topic_to_topic,vtr,,True,True,-0.8299999999999272,-0.8299999999999272,1357.7848330000002,0.8299999999999272
wbs_20260625,wbs,no_vlm_no_ocr,b006,t006,1389.0448330000002,topic_to_topic,vtr,,False,True,,-20.8900000000001,1368.154833,20.8900000000001
wbs_20260625,wbs,no_vlm_no_ocr,b007,t007,1425.484833,topic_to_topic,vtr,,True,True,-2.3299999999999272,-2.3299999999999272,1423.154833,2.3299999999999272
wbs_20260625,wbs,no_vlm_no_ocr,b008,t008,1456.5748330000001,topic_to_non_editorial,sponsor,,False,False,,,1488.154833,31.579999999999927
wbs_20260625,wbs,no_vlm_no_ocr,b009,t009,1985.174833,topic_to_topic,studio,,True,True,-4.2999999999999545,-4.2999999999999545,1980.874833,4.2999999999999545
wbs_20260625,wbs,no_vlm_no_ocr,b010,t010,2032.5448330000002,topic_to_non_editorial,program_teaser,,True,True,-4.3900000000001,-4.3900000000001,2028.154833,4.3900000000001
wbs_20260625,wbs,no_vlm_no_ocr,b011,t011,2389.614833,topic_to_non_editorial,program_teaser,,True,True,-0.15999999999985448,-0.15999999999985448,2389.4548330000002,0.15999999999985448
wbs_20260625,wbs,no_vlm_no_ocr,b012,t012,2739.034833,topic_to_non_editorial,bumper,,True,True,-1.0300000000002,-1.0300000000002,2738.004833,1.0300000000002
wbs_20260625,wbs,no_vlm_no_ocr,b013,t013,2909.234833,topic_to_topic,bumper,,True,True,1.0399999999999636,1.0399999999999636,2910.274833,1.0399999999999636
wbs_20260625,wbs,no_vlm_no_ocr,b014,t014,2934.9348330000003,topic_to_topic,bumper,,False,True,,-6.7800000000002,2928.154833,6.7800000000002
wbs_20260625,wbs,no_vlm_no_ocr,b015,t015,2960.764833,topic_to_topic,bumper,,False,True,,27.389999999999873,2988.154833,27.389999999999873
wbs_20260625,wbs,no_vlm_no_ocr,b016,t016,2990.444833,topic_to_non_editorial,program_teaser,,True,True,-1.0299999999997453,-1.0299999999997453,2989.4148330000003,1.0299999999997453
wbs_20260625,wbs,no_vlm_no_ocr,b017,t017,3286.584833,topic_to_topic,studio,,True,True,3.1700000000000728,3.1700000000000728,3289.754833,3.1700000000000728
wbs_20260625,wbs,no_vlm_no_ocr,b018,t018,3334.014833,topic_to_program_end,other (WBS ending),,False,True,,14.139999999999873,3348.154833,14.139999999999873
wbs_20260625,wbs,no_ocr,b001,t001,392.674833,topic_to_non_editorial,studio,,False,True,,19.439999999999998,412.114833,19.439999999999998
wbs_20260625,wbs,no_ocr,b002,t002,852.414833,topic_to_topic,studio,,True,True,1.1399999999999864,1.1399999999999864,853.554833,1.1399999999999864
wbs_20260625,wbs,no_ocr,b003,t003,1282.024833,topic_to_topic,studio,,True,True,-0.23999999999978172,-0.23999999999978172,1281.7848330000002,0.23999999999978172
wbs_20260625,wbs,no_ocr,b004,t004,1326.364833,topic_to_topic,vtr,,False,False,,,1357.7848330000002,31.420000000000073
wbs_20260625,wbs,no_ocr,b005,t005,1358.614833,topic_to_topic,vtr,,True,True,-0.8299999999999272,-0.8299999999999272,1357.7848330000002,0.8299999999999272
wbs_20260625,wbs,no_ocr,b006,t006,1389.0448330000002,topic_to_topic,vtr,,False,False,,,1357.7848330000002,31.25999999999999
wbs_20260625,wbs,no_ocr,b007,t007,1425.484833,topic_to_topic,vtr,,True,True,-2.3299999999999272,-2.3299999999999272,1423.154833,2.3299999999999272
wbs_20260625,wbs,no_ocr,b008,t008,1456.5748330000001,topic_to_non_editorial,sponsor,,False,True,,18.960000000000036,1475.5348330000002,18.960000000000036
wbs_20260625,wbs,no_ocr,b009,t009,1985.174833,topic_to_topic,studio,,True,True,-4.2999999999999545,-4.2999999999999545,1980.874833,4.2999999999999545
wbs_20260625,wbs,no_ocr,b010,t010,2032.5448330000002,topic_to_non_editorial,program_teaser,,True,True,3.0799999999999272,3.0799999999999272,2035.624833,3.0799999999999272
wbs_20260625,wbs,no_ocr,b011,t011,2389.614833,topic_to_non_editorial,program_teaser,,False,True,,7.630000000000109,2397.244833,7.630000000000109
wbs_20260625,wbs,no_ocr,b012,t012,2739.034833,topic_to_non_editorial,bumper,,True,True,-2.619999999999891,-2.619999999999891,2736.4148330000003,2.619999999999891
wbs_20260625,wbs,no_ocr,b013,t013,2909.234833,topic_to_topic,bumper,,False,False,,,2928.154833,18.920000000000073
wbs_20260625,wbs,no_ocr,b014,t014,2934.9348330000003,topic_to_topic,bumper,,False,True,,-6.7800000000002,2928.154833,6.7800000000002
wbs_20260625,wbs,no_ocr,b015,t015,2960.764833,topic_to_topic,bumper,,False,True,,-7.610000000000127,2953.154833,7.610000000000127
wbs_20260625,wbs,no_ocr,b016,t016,2990.444833,topic_to_non_editorial,program_teaser,,True,True,-2.2899999999999636,-2.2899999999999636,2988.154833,2.2899999999999636
wbs_20260625,wbs,no_ocr,b017,t017,3286.584833,topic_to_topic,studio,,False,True,,-6.379999999999654,3280.2048330000002,6.379999999999654
wbs_20260625,wbs,no_ocr,b018,t018,3334.014833,topic_to_program_end,other (WBS ending),,False,True,,14.139999999999873,3348.154833,14.139999999999873
